1631252374.0;1587.39
1631252385.0;1587.39
1631252396.0;1587.4
1631252407.0;1587.43
1631252418.0;1587.46
1631252429.0;1587.5
1631252440.0;1587.53
1631252451.0;1587.57
1631252462.0;1587.6
1631252473.0;1587.63
1631252484.0;1587.67
1631252495.0;1587.7
1631252506.0;1587.73
1631252517.0;1587.77
1631252529.0;1587.8
1631252540.0;1587.84
1631252551.0;1587.87
1631252562.0;1587.9
1631252573.0;1587.94
1631252584.0;1587.97
1631252595.0;1588
1631252606.0;1588.04
1631252617.0;1588.07
1631252628.0;1588.11
1631252639.0;1588.14
1631252650.0;1588.17
1631252661.0;1588.21
1631252672.0;1588.24
1631252683.0;1588.28
1631252694.0;1588.31
1631252705.0;1588.34
1631252716.0;1588.38
1631252727.0;1588.41
1631252738.0;1588.44
1631252749.0;1588.48
1631252760.0;1588.51
1631252772.0;1588.55
1631252783.0;1588.58
1631252794.0;1588.61
1631252805.0;1588.65
1631252816.0;1588.68
1631252827.0;1588.72
1631252838.0;1588.75
1631252849.0;1588.78
1631252860.0;1588.82
1631252871.0;1588.85
1631252882.0;1588.89
1631252893.0;1588.92
1631252904.0;1588.95
1631252915.0;1588.99
1631252926.0;1589.02
1631252937.0;1589.05
1631252948.0;1589.09
1631252959.0;1589.12
1631252970.0;1589.16
1631252981.0;1589.19
1631252992.0;1589.22
1631253004.0;1589.26
1631253015.0;1589.29
1631253026.0;1589.33
1631253037.0;1589.36
1631253048.0;1589.39
1631253059.0;1589.43
1631253070.0;1589.46
1631253081.0;1589.5
1631253092.0;1589.53
1631253103.0;1589.56
1631253114.0;1589.6
1631253125.0;1589.63
1631253136.0;1589.66
1631253147.0;1589.7
1631253158.0;1589.73
1631253169.0;1589.77
1631253180.0;1589.8
1631253191.0;1589.83
1631253202.0;1589.87
1631253213.0;1589.9
1631253224.0;1589.94
1631253236.0;1589.97
1631253247.0;1590
1631253258.0;1590.04
1631253269.0;1590.07
1631253280.0;1590.1
1631253291.0;1590.14
1631253302.0;1590.17
1631253313.0;1590.21
1631253324.0;1590.24
1631253335.0;1590.27
1631253346.0;1590.31
1631253357.0;1590.34
1631253368.0;1590.37
1631253379.0;1590.41
1631253390.0;1590.44
1631253401.0;1590.47
1631253412.0;1590.51
1631253423.0;1590.54
1631253434.0;1590.58
1631253445.0;1590.61
1631253456.0;1590.64
1631253467.0;1590.68
1631253478.0;1590.71
1631253490.0;1590.74
1631253501.0;1590.78
1631253512.0;1590.81
1631253523.0;1590.84
1631253534.0;1590.88
1631253545.0;1590.91
1631253556.0;1590.94
1631253567.0;1590.98
1631253578.0;1591.01
1631253589.0;1591.04
1631253600.0;1591.08
1631253611.0;1591.11
1631253622.0;1591.15
1631253633.0;1591.18
1631253644.0;1591.21
1631253655.0;1591.25
1631253666.0;1591.28
1631253677.0;1591.31
1631253688.0;1591.35
1631253699.0;1591.38
1631253710.0;1591.41
1631253721.0;1591.45
1631253733.0;1591.48
1631253744.0;1591.51
1631253755.0;1591.55
1631253766.0;1591.58
1631253777.0;1591.61
1631253788.0;1591.65
1631253799.0;1591.68
1631253810.0;1591.72
1631253821.0;1591.75
1631253832.0;1591.78
1631253843.0;1591.82
1631253854.0;1591.85
1631253865.0;1591.88
1631253876.0;1591.92
1631253887.0;1591.95
1631253898.0;1591.98
1631253909.0;1592.02
1631253920.0;1592.05
1631253931.0;1592.08
1631253942.0;1592.12
1631253953.0;1592.15
1631253964.0;1592.18
1631253975.0;1592.22
1631253987.0;1592.25
1631253998.0;1592.29
1631254009.0;1592.32
1631254020.0;1592.35
1631254031.0;1592.39
1631254042.0;1592.42
1631254053.0;1592.45
1631254064.0;1592.49
1631254075.0;1592.52
1631254086.0;1592.55
1631254097.0;1592.59
1631254108.0;1592.62
1631254119.0;1592.65
1631254130.0;1592.69
1631254141.0;1592.72
1631254152.0;1592.76
1631254163.0;1592.79
1631254174.0;1592.82
1631254185.0;1592.86
1631254196.0;1592.89
1631254207.0;1592.92
1631254218.0;1592.96
1631254229.0;1592.99
1631254241.0;1593.02
1631254252.0;1593.06
1631254263.0;1593.09
1631254274.0;1593.12
1631254285.0;1593.16
1631254296.0;1593.19
1631254307.0;1593.22
1631254318.0;1593.26
1631254329.0;1593.29
1631254340.0;1593.33
1631254351.0;1593.36
1631254362.0;1593.39
1631254373.0;1593.43
1631254384.0;1593.46
1631254395.0;1593.49
1631254406.0;1593.53
1631254417.0;1593.56
1631254428.0;1593.59
1631254439.0;1593.63
1631254450.0;1593.66
1631254462.0;1593.69
1631254473.0;1593.73
1631254484.0;1593.76
1631254495.0;1593.8
1631254506.0;1593.83
1631254517.0;1593.86
1631254528.0;1593.9
1631254539.0;1593.93
1631254550.0;1593.96
1631254561.0;1594
1631254572.0;1594.03
1631254583.0;1594.06
1631254594.0;1594.1
1631254605.0;1594.13
1631254616.0;1594.16
1631254627.0;1594.2
1631254638.0;1594.23
1631254649.0;1594.26
1631254660.0;1594.3
1631254671.0;1594.33
1631254682.0;1594.37
1631254693.0;1594.4
1631254704.0;1594.43
1631254716.0;1594.47
1631254727.0;1594.5
1631254738.0;1594.53
1631254749.0;1594.56
1631254760.0;1594.56
1631254771.0;1594.56
1631254782.0;1594.56
1631254793.0;1594.56
1631254804.0;1594.56
1631254815.0;1594.56
1631254826.0;1594.56
1631254837.0;1594.56
1631254848.0;1594.56
1631254859.0;1594.56
1631254870.0;1594.56
1631254881.0;1594.56
1631254892.0;1594.56
1631254903.0;1594.56
1631254914.0;1594.56
1631254925.0;1594.56
1631254936.0;1594.56
1631254947.0;1594.56
1631254958.0;1594.56
1631254969.0;1594.56
1631254981.0;1594.56
1631254992.0;1594.56
1631255003.0;1594.56
1631255014.0;1594.56
1631255025.0;1594.56
1631255036.0;1594.56
1631255047.0;1594.56
1631255058.0;1594.56
1631255069.0;1594.56
1631255080.0;1594.56
1631255091.0;1594.56
1631255102.0;1594.56
1631255113.0;1594.56
1631255124.0;1594.56
1631255135.0;1594.56
1631255146.0;1594.56
1631255157.0;1594.56
1631255168.0;1594.56
1631255179.0;1594.56
1631255190.0;1594.56
1631255201.0;1594.56
1631255212.0;1594.56
1631255223.0;1594.56
1631255234.0;1594.56
1631255245.0;1594.56
1631255256.0;1594.56
1631255267.0;1594.56
1631255279.0;1594.56
1631255290.0;1594.56
1631255301.0;1594.56
1631255312.0;1594.56
1631255323.0;1594.56
1631255334.0;1594.56
1631255345.0;1594.56
1631255356.0;1594.56
1631255367.0;1594.56
1631255378.0;1594.56
1631255389.0;1594.56
1631255400.0;1594.56
1631255411.0;1594.56
1631255422.0;1594.56
1631255433.0;1594.56
1631255444.0;1594.56
1631255455.0;1594.56
1631255466.0;1594.56
1631255477.0;1594.56
1631255488.0;1594.56
1631255499.0;1594.56
1631255510.0;1594.56
1631255521.0;1594.56
1631255532.0;1594.56
1631255543.0;1594.56
1631255555.0;1594.56
1631255566.0;1594.56
1631255577.0;1594.56
1631255588.0;1594.56
1631255599.0;1594.56
1631255610.0;1594.56
1631255621.0;1594.56
1631255632.0;1594.56
1631255643.0;1594.56
1631255654.0;1594.56
1631255665.0;1594.56
1631255676.0;1594.56
1631255687.0;1594.56
1631255698.0;1594.56
1631255709.0;1594.56
1631255720.0;1594.56
1631255731.0;1594.56
1631255742.0;1594.56
1631255753.0;1594.56
1631255764.0;1594.56
1631255775.0;1594.56
1631255786.0;1594.56
1631255797.0;1594.56
1631255808.0;1594.56
1631255819.0;1594.56
1631255830.0;1594.56
1631255841.0;1594.56
1631255852.0;1594.56
1631255864.0;1594.56
1631255875.0;1594.56
1631255886.0;1594.56
1631255897.0;1594.56
1631255908.0;1594.56
1631255919.0;1594.56
1631255930.0;1594.56
1631255941.0;1594.56
1631255952.0;1594.56
1631255963.0;1594.56
1631255974.0;1594.56
1631255985.0;1594.56
1631255996.0;1594.56
1631256007.0;1594.56
1631256018.0;1594.56
1631256029.0;1594.56
1631256040.0;1594.56
1631256051.0;1594.56
1631256062.0;1594.56
1631256073.0;1594.56
1631256084.0;1594.56
1631256095.0;1594.56
1631256106.0;1594.56
1631256117.0;1594.56
1631256128.0;1594.56
1631256139.0;1594.56
1631256150.0;1594.56
1631256162.0;1594.56
1631256173.0;1594.56
1631256184.0;1594.56
1631256195.0;1594.56
1631256206.0;1594.56
1631256217.0;1594.56
1631256228.0;1594.56
1631256239.0;1594.56
1631256250.0;1594.56
1631256261.0;1594.56
1631256272.0;1594.56
1631256283.0;1594.56
1631256294.0;1594.56
1631256305.0;1594.56
1631256316.0;1594.56
1631256327.0;1594.56
1631256338.0;1594.56
1631256349.0;1594.56
1631256360.0;1594.56
1631256371.0;1594.56
1631256382.0;1594.56
1631256393.0;1594.56
1631256404.0;1594.56
1631256415.0;1594.56
1631256426.0;1594.56
1631256437.0;1594.56
1631256448.0;1594.56
1631256459.0;1594.56
1631256471.0;1594.56
1631256482.0;1594.56
1631256493.0;1594.56
1631256504.0;1594.56
1631256515.0;1594.56
1631256526.0;1594.56
1631256537.0;1594.56
1631256548.0;1594.56
1631256559.0;1594.56
1631256570.0;1594.56
1631256581.0;1594.56
1631256592.0;1594.56
1631256603.0;1594.56
1631256614.0;1594.56
1631256625.0;1594.56
1631256636.0;1594.56
1631256647.0;1594.56
1631256658.0;1594.56
1631256669.0;1594.56
1631256680.0;1594.56
1631256691.0;1594.56
1631256702.0;1594.56
1631256713.0;1594.56
1631256724.0;1594.56
1631256735.0;1594.56
1631256746.0;1594.56
1631256757.0;1594.56
1631256768.0;1594.56
1631256780.0;1594.56
1631256791.0;1594.56
1631256802.0;1594.56
1631256813.0;1594.56
1631256824.0;1594.56
1631256835.0;1594.56
1631256846.0;1594.56
1631256857.0;1594.56
1631256868.0;1594.56
1631256879.0;1594.56
1631256890.0;1594.56
1631256901.0;1594.56
1631256912.0;1594.56
1631256923.0;1594.56
1631256934.0;1594.56
1631256945.0;1594.56
1631256956.0;1594.56
1631256967.0;1594.56
1631256978.0;1594.56
1631256989.0;1594.56
1631257000.0;1594.56
1631257011.0;1594.56
1631257022.0;1594.56
1631257033.0;1594.56
1631257044.0;1594.56
1631257055.0;1594.56
1631257066.0;1594.56
1631257077.0;1594.56
1631257088.0;1594.56
1631257100.0;1594.56
1631257111.0;1594.56
1631257122.0;1594.56
1631257133.0;1594.56
1631257144.0;1594.56
1631257155.0;1594.56
1631257166.0;1594.56
1631257177.0;1594.56
1631257188.0;1594.56
1631257199.0;1594.56
1631257210.0;1594.56
1631257221.0;1594.56
1631257232.0;1594.56
1631257243.0;1594.56
1631257254.0;1594.56
1631257265.0;1594.56
1631257276.0;1594.56
1631257287.0;1594.56
1631257298.0;1594.56
1631257309.0;1594.56
1631257320.0;1594.56
1631257331.0;1594.56
1631257342.0;1594.56
1631257353.0;1594.56
1631257364.0;1594.56
1631257375.0;1594.56
1631257386.0;1594.56
1631257398.0;1594.56
1631257409.0;1594.56
1631257420.0;1594.56
1631257431.0;1594.56
1631257442.0;1594.56
1631257453.0;1594.56
1631257464.0;1594.56
1631257475.0;1594.56
1631257486.0;1594.56
1631257497.0;1594.56
1631257508.0;1594.56
1631257519.0;1594.56
1631257530.0;1594.56
1631257541.0;1594.56
1631257552.0;1594.56
1631257563.0;1594.56
1631257574.0;1594.56
1631257585.0;1594.56
1631257596.0;1594.56
1631257607.0;1594.56
1631257618.0;1594.56
1631257629.0;1594.56
1631257640.0;1594.56
1631257651.0;1594.56
1631257662.0;1594.56
1631257673.0;1594.56
1631257684.0;1594.56
1631257695.0;1594.56
1631257707.0;1594.56
1631257718.0;1594.56
1631257729.0;1594.56
1631257740.0;1594.56
1631257751.0;1594.56
1631257762.0;1594.56
1631257773.0;1594.56
1631257784.0;1594.56
1631257795.0;1594.56
1631257806.0;1594.56
1631257817.0;1594.56
1631257828.0;1594.56
1631257839.0;1594.56
1631257850.0;1594.56
1631257861.0;1594.56
1631257872.0;1594.56
1631257883.0;1594.56
1631257894.0;1594.56
1631257905.0;1594.56
1631257916.0;1594.56
1631257927.0;1594.56
1631257938.0;1594.56
1631257949.0;1594.56
1631257960.0;1594.56
1631257971.0;1594.56
1631257982.0;1594.56
1631257994.0;1594.56
1631258005.0;1594.56
1631258016.0;1594.56
1631258027.0;1594.56
1631258038.0;1594.56
1631258049.0;1594.56
1631258060.0;1594.56
1631258071.0;1594.56
1631258082.0;1594.56
1631258093.0;1594.56
1631258104.0;1594.56
1631258115.0;1594.56
1631258126.0;1594.56
1631258137.0;1594.56
1631258148.0;1594.56
1631258159.0;1594.56
1631258170.0;1594.56
1631258181.0;1594.56
1631258192.0;1594.56
1631258203.0;1594.56
1631258214.0;1594.56
1631258225.0;1594.56
1631258236.0;1594.56
1631258247.0;1594.56
1631258258.0;1594.56
1631258269.0;1594.56
1631258281.0;1594.56
1631258292.0;1594.56
1631258303.0;1594.56
1631258314.0;1594.56
1631258325.0;1594.56
1631258336.0;1594.56
1631258347.0;1594.56
1631258358.0;1594.56
1631258369.0;1594.56
1631258380.0;1594.56
1631258391.0;1594.56
1631258402.0;1594.56
1631258413.0;1594.56
1631258424.0;1594.56
1631258435.0;1594.56
1631258446.0;1594.56
1631258457.0;1594.56
1631258468.0;1594.56
1631258479.0;1594.56
1631258490.0;1594.56
1631258501.0;1594.56
1631258512.0;1594.56
1631258523.0;1594.56
1631258534.0;1594.56
1631258545.0;1594.56
1631258556.0;1594.56
1631258567.0;1594.56
1631258579.0;1594.56
1631258590.0;1594.56
1631258601.0;1594.56
1631258612.0;1594.56
1631258623.0;1594.56
1631258634.0;1594.56
1631258645.0;1594.56
1631258656.0;1594.56
1631258667.0;1594.56
1631258678.0;1594.56
1631258689.0;1594.56
1631258700.0;1594.56
1631258711.0;1594.56
1631258722.0;1594.56
1631258733.0;1594.56
1631258744.0;1594.56
1631258755.0;1594.56
1631258766.0;1594.56
1631258777.0;1594.56
1631258788.0;1594.56
1631258799.0;1594.56
1631258810.0;1594.56
1631258821.0;1594.56
1631258832.0;1594.56
1631258843.0;1594.56
1631258854.0;1594.56
1631258865.0;1594.56
1631258876.0;1594.56
1631258888.0;1594.56
1631258899.0;1594.56
1631258910.0;1594.56
1631258921.0;1594.56
1631258932.0;1594.56
1631258943.0;1594.56
1631258954.0;1594.56
1631258965.0;1594.56
1631258976.0;1594.56
1631258987.0;1594.56
1631258998.0;1594.56
1631259009.0;1594.56
1631259020.0;1594.56
1631259031.0;1594.56
1631259042.0;1594.56
1631259053.0;1594.56
1631259064.0;1594.56
1631259075.0;1594.56
1631259086.0;1594.56
1631259097.0;1594.56
1631259108.0;1594.56
1631259119.0;1594.56
1631259130.0;1594.56
1631259141.0;1594.56
1631259152.0;1594.56
1631259163.0;1594.56
1631259175.0;1594.56
1631259186.0;1594.56
1631259197.0;1594.56
1631259208.0;1594.56
1631259219.0;1594.56
1631259230.0;1594.56
1631259241.0;1594.56
1631259252.0;1594.56
1631259263.0;1594.56
1631259274.0;1594.56
1631259285.0;1594.56
1631259296.0;1594.56
1631259307.0;1594.56
1631259318.0;1594.56
1631259329.0;1594.56
1631259340.0;1594.56
1631259351.0;1594.56
1631259362.0;1594.56
1631259373.0;1594.56
1631259384.0;1594.56
1631259395.0;1594.56
1631259406.0;1594.56
1631259417.0;1594.56
1631259428.0;1594.56
1631259439.0;1594.56
1631259451.0;1594.56
1631259462.0;1594.56
1631259473.0;1594.56
1631259484.0;1594.56
1631259495.0;1594.56
1631259506.0;1594.56
1631259517.0;1594.56
1631259528.0;1594.56
1631259539.0;1594.56
1631259550.0;1594.56
1631259561.0;1594.56
1631259572.0;1594.56
1631259583.0;1594.56
1631259594.0;1594.56
1631259605.0;1594.56
1631259616.0;1594.56
1631259627.0;1594.56
1631259638.0;1594.56
1631259649.0;1594.56
1631259660.0;1594.56
1631259671.0;1594.56
1631259682.0;1594.56
1631259693.0;1594.56
1631259704.0;1594.56
1631259715.0;1594.56
1631259726.0;1594.56
1631259737.0;1594.56
1631259749.0;1594.56
1631259760.0;1594.56
1631259771.0;1594.56
1631259782.0;1594.56
1631259793.0;1594.56
1631259804.0;1594.56
1631259815.0;1594.56
1631259826.0;1594.56
1631259837.0;1594.56
1631259848.0;1594.56
1631259859.0;1594.56
1631259870.0;1594.56
1631259881.0;1594.56
1631259892.0;1594.56
1631259903.0;1594.56
1631259914.0;1594.56
1631259925.0;1594.56
1631259936.0;1594.56
1631259947.0;1594.56
1631259958.0;1594.56
1631259969.0;1594.56
1631259980.0;1594.56
1631259991.0;1594.56
1631260002.0;1594.56
1631260013.0;1594.56
1631260024.0;1594.56
1631260035.0;1594.56
1631260046.0;1594.56
1631260057.0;1594.56
1631260069.0;1594.56
1631260080.0;1594.56
1631260091.0;1594.56
1631260102.0;1594.56
1631260113.0;1594.56
1631260124.0;1594.56
1631260135.0;1594.56
1631260146.0;1594.56
1631260157.0;1594.56
1631260168.0;1594.56
1631260179.0;1594.56
1631260190.0;1594.56
1631260201.0;1594.56
1631260212.0;1594.56
1631260223.0;1594.56
1631260234.0;1594.56
1631260245.0;1594.56
1631260256.0;1594.56
1631260267.0;1594.56
1631260278.0;1594.56
1631260289.0;1594.56
1631260300.0;1594.56
1631260311.0;1594.56
1631260322.0;1594.56
1631260333.0;1594.56
1631260344.0;1594.56
1631260356.0;1594.56
1631260367.0;1594.56
1631260378.0;1594.56
1631260389.0;1594.56
1631260400.0;1594.56
1631260411.0;1594.56
1631260422.0;1594.56
1631260433.0;1594.56
1631260444.0;1594.56
1631260455.0;1594.56
1631260466.0;1594.56
1631260477.0;1594.56
1631260488.0;1594.56
1631260499.0;1594.56
1631260510.0;1594.56
1631260521.0;1594.56
1631260532.0;1594.56
1631260543.0;1594.56
1631260554.0;1594.56
1631260565.0;1594.56
1631260576.0;1594.56
1631260587.0;1594.56
1631260598.0;1594.56
1631260609.0;1594.56
1631260620.0;1594.56
1631260632.0;1594.56
1631260643.0;1594.56
1631260654.0;1594.56
1631260665.0;1594.56
1631260676.0;1594.56
1631260687.0;1594.56
1631260698.0;1594.56
1631260709.0;1594.56
1631260720.0;1594.56
1631260731.0;1594.56
1631260742.0;1594.56
1631260753.0;1594.56
1631260764.0;1594.56
1631260775.0;1594.56
1631260786.0;1594.56
1631260797.0;1594.56
1631260808.0;1594.56
1631260819.0;1594.56
1631260830.0;1594.56
1631260841.0;1594.56
1631260852.0;1594.56
1631260863.0;1594.56
1631260874.0;1594.56
1631260885.0;1594.56
1631260896.0;1594.56
1631260907.0;1594.56
1631260919.0;1594.56
1631260930.0;1594.56
1631260941.0;1594.56
1631260952.0;1594.56
1631260963.0;1594.56
1631260974.0;1594.56
1631260985.0;1594.56
1631260996.0;1594.56
1631261007.0;1594.56
1631261018.0;1594.56
1631261029.0;1594.56
1631261040.0;1594.56
1631261051.0;1594.56
1631261062.0;1594.56
1631261073.0;1594.56
1631261084.0;1594.56
1631261095.0;1594.56
1631261106.0;1594.56
1631261117.0;1594.56
1631261128.0;1594.56
1631261139.0;1594.56
1631261150.0;1594.56
1631261161.0;1594.56
1631261172.0;1594.56
1631261183.0;1594.56
1631261194.0;1594.56
1631261205.0;1594.56
1631261217.0;1594.56
1631261228.0;1594.56
1631261239.0;1594.56
1631261250.0;1594.56
1631261261.0;1594.56
1631261272.0;1594.56
1631261283.0;1594.56
1631261294.0;1594.56
1631261305.0;1594.56
1631261316.0;1594.56
1631261327.0;1594.56
1631261338.0;1594.56
1631261349.0;1594.56
1631261360.0;1594.56
1631261371.0;1594.56
1631261382.0;1594.56
1631261393.0;1594.56
1631261404.0;1594.56
1631261415.0;1594.56
1631261426.0;1594.56
1631261437.0;1594.56
1631261448.0;1594.56
1631261459.0;1594.56
1631261470.0;1594.56
1631261481.0;1594.56
1631261492.0;1594.56
1631261503.0;1594.56
1631261514.0;1594.56
1631261526.0;1594.56
1631261537.0;1594.56
1631261548.0;1594.56
1631261559.0;1594.56
1631261570.0;1594.56
1631261581.0;1594.56
1631261592.0;1594.56
1631261603.0;1594.56
1631261614.0;1594.56
1631261625.0;1594.56
1631261636.0;1594.56
1631261647.0;1594.56
1631261658.0;1594.56
1631261669.0;1594.56
1631261680.0;1594.56
1631261691.0;1594.56
1631261702.0;1594.56
1631261713.0;1594.56
1631261724.0;1594.56
1631261735.0;1594.56
1631261746.0;1594.56
1631261757.0;1594.56
1631261768.0;1594.56
1631261779.0;1594.56
1631261790.0;1594.56
1631261801.0;1594.56
1631261813.0;1594.56
1631261824.0;1594.56
1631261835.0;1594.56
1631261846.0;1594.56
1631261857.0;1594.56
1631261868.0;1594.56
1631261879.0;1594.56
1631261890.0;1594.56
1631261901.0;1594.56
1631261912.0;1594.56
1631261923.0;1594.56
1631261934.0;1594.56
1631261945.0;1594.56
1631261956.0;1594.56
1631261967.0;1594.56
1631261978.0;1594.56
1631261989.0;1594.56
1631262000.0;1594.56
1631262011.0;1594.56
1631262022.0;1594.56
1631262033.0;1594.56
1631262044.0;1594.56
1631262055.0;1594.56
1631262066.0;1594.56
1631262077.0;1594.56
1631262088.0;1594.56
1631262099.0;1594.56
1631262110.0;1594.56
1631262122.0;1594.56
1631262133.0;1594.56
1631262144.0;1594.56
1631262155.0;1594.56
1631262166.0;1594.56
1631262177.0;1594.56
1631262188.0;1594.56
1631262199.0;1594.56
1631262210.0;1594.56
1631262221.0;1594.56
1631262232.0;1594.56
1631262243.0;1594.56
1631262254.0;1594.56
1631262265.0;1594.56
1631262276.0;1594.56
1631262287.0;1594.56
1631262298.0;1594.56
1631262309.0;1594.56
1631262320.0;1594.56
1631262331.0;1594.56
1631262342.0;1594.56
1631262353.0;1594.56
1631262364.0;1594.56
1631262375.0;1594.56
1631262386.0;1594.56
1631262397.0;1594.56
1631262408.0;1594.56
1631262419.0;1594.56
1631262431.0;1594.56
1631262442.0;1594.56
1631262453.0;1594.56
1631262464.0;1594.56
1631262475.0;1594.56
1631262486.0;1594.56
1631262497.0;1594.56
1631262508.0;1594.56
1631262519.0;1594.56
1631262530.0;1594.56
1631262541.0;1594.56
1631262552.0;1594.56
1631262563.0;1594.56
1631262574.0;1594.56
1631262585.0;1594.56
1631262596.0;1594.56
1631262607.0;1594.56
1631262618.0;1594.56
1631262629.0;1594.56
1631262640.0;1594.56
1631262651.0;1594.56
1631262662.0;1594.56
1631262673.0;1594.56
1631262684.0;1594.56
1631262695.0;1594.56
1631262706.0;1594.56
1631262717.0;1594.56
1631262728.0;1594.56
1631262739.0;1594.56
1631262751.0;1594.56
1631262762.0;1594.56
1631262773.0;1594.56
1631262784.0;1594.56
1631262795.0;1594.56
1631262806.0;1594.56
1631262817.0;1594.56
1631262828.0;1594.56
1631262839.0;1594.56
1631262850.0;1594.56
1631262861.0;1594.56
1631262872.0;1594.56
1631262883.0;1594.56
1631262894.0;1594.56
1631262905.0;1594.56
1631262916.0;1594.56
1631262927.0;1594.56
1631262938.0;1594.56
1631262949.0;1594.56
1631262960.0;1594.56
1631262971.0;1594.56
1631262982.0;1594.56
1631262993.0;1594.56
1631263004.0;1594.56
1631263015.0;1594.56
1631263026.0;1594.56
1631263037.0;1594.56
1631263048.0;1594.56
1631263060.0;1594.56
1631263071.0;1594.56
1631263082.0;1594.56
1631263093.0;1594.56
1631263104.0;1594.56
1631263115.0;1594.56
1631263126.0;1594.56
1631263137.0;1594.56
1631263148.0;1594.56
1631263159.0;1594.56
1631263170.0;1594.56
1631263181.0;1594.56
1631263192.0;1594.56
1631263203.0;1594.56
1631263214.0;1594.56
1631263225.0;1594.56
1631263236.0;1594.56
1631263247.0;1594.56
1631263258.0;1594.56
1631263269.0;1594.56
1631263280.0;1594.56
1631263291.0;1594.56
1631263302.0;1594.56
1631263313.0;1594.56
1631263324.0;1594.56
1631263336.0;1594.56
1631263347.0;1594.56
1631263358.0;1594.56
1631263369.0;1594.56
1631263380.0;1594.56
1631263391.0;1594.56
1631263402.0;1594.56
1631263413.0;1594.56
1631263424.0;1594.56
1631263435.0;1594.56
1631263446.0;1594.56
1631263457.0;1594.56
1631263468.0;1594.56
1631263479.0;1594.56
1631263490.0;1594.56
1631263501.0;1594.56
1631263512.0;1594.56
1631263523.0;1594.56
1631263534.0;1594.56
1631263545.0;1594.56
1631263556.0;1594.56
1631263567.0;1594.56
1631263578.0;1594.56
1631263589.0;1594.56
1631263600.0;1594.56
1631263611.0;1594.56
1631263623.0;1594.56
1631263634.0;1594.56
1631263645.0;1594.56
1631263656.0;1594.56
1631263667.0;1594.56
1631263678.0;1594.56
1631263689.0;1594.56
1631263700.0;1594.56
1631263711.0;1594.56
1631263722.0;1594.56
1631263733.0;1594.56
1631263744.0;1594.56
1631263755.0;1594.56
1631263766.0;1594.56
1631263777.0;1594.56
1631263788.0;1594.56
1631263799.0;1594.56
1631263810.0;1594.56
1631263821.0;1594.56
1631263832.0;1594.56
1631263843.0;1594.56
1631263854.0;1594.56
1631263865.0;1594.56
1631263876.0;1594.56
1631263887.0;1594.56
1631263898.0;1594.56
1631263909.0;1594.56
1631263920.0;1594.56
1631263931.0;1594.56
1631263943.0;1594.56
1631263954.0;1594.56
1631263965.0;1594.56
1631263976.0;1594.56
1631263987.0;1594.56
1631263998.0;1594.56
1631264009.0;1594.56
1631264020.0;1594.56
1631264031.0;1594.56
1631264042.0;1594.56
1631264053.0;1594.56
1631264064.0;1594.56
1631264075.0;1594.56
1631264086.0;1594.56
1631264097.0;1594.56
1631264108.0;1594.56
1631264119.0;1594.56
1631264130.0;1594.56
1631264141.0;1594.56
1631264152.0;1594.56
1631264163.0;1594.56
1631264174.0;1594.56
1631264186.0;1594.56
1631264197.0;1594.56
1631264208.0;1594.56
1631264219.0;1594.56
1631264230.0;1594.56
1631264241.0;1594.56
1631264252.0;1594.56
1631264263.0;1594.56
1631264274.0;1594.56
1631264285.0;1594.56
1631264296.0;1594.56
1631264307.0;1594.56
1631264318.0;1594.56
1631264329.0;1594.56
1631264340.0;1594.56
1631264351.0;1594.56
1631264362.0;1594.56
1631264373.0;1594.56
1631264384.0;1594.56
1631264395.0;1594.56
1631264406.0;1594.56
1631264417.0;1594.56
1631264428.0;1594.56
1631264439.0;1594.56
1631264450.0;1594.56
1631264461.0;1594.56
1631264472.0;1594.56
1631264484.0;1594.56
1631264495.0;1594.56
1631264506.0;1594.56
1631264517.0;1594.56
1631264528.0;1594.56
1631264539.0;1594.56
1631264550.0;1594.56
1631264561.0;1594.56
1631264572.0;1594.56
1631264583.0;1594.56
1631264594.0;1594.56
1631264605.0;1594.56
1631264616.0;1594.56
1631264627.0;1594.56
1631264638.0;1594.56
1631264649.0;1594.56
1631264660.0;1594.56
1631264671.0;1594.56
1631264682.0;1594.56
1631264693.0;1594.56
1631264704.0;1594.56
1631264715.0;1594.56
1631264726.0;1594.56
1631264737.0;1594.56
1631264748.0;1594.56
1631264759.0;1594.56
1631264770.0;1594.56
1631264781.0;1594.56
1631264793.0;1594.56
1631264804.0;1594.56
1631264815.0;1594.56
1631264826.0;1594.56
1631264837.0;1594.56
1631264848.0;1594.56
1631264859.0;1594.56
1631264870.0;1594.56
1631264881.0;1594.56
1631264892.0;1594.56
1631264903.0;1594.56
1631264914.0;1594.56
1631264925.0;1594.56
1631264936.0;1594.56
1631264947.0;1594.56
1631264958.0;1594.56
1631264969.0;1594.56
1631264980.0;1594.56
1631264991.0;1594.56
1631265002.0;1594.56
1631265013.0;1594.56
1631265024.0;1594.56
1631265035.0;1594.56
1631265046.0;1594.56
1631265057.0;1594.56
1631265068.0;1594.56
1631265079.0;1594.56
1631265090.0;1594.56
1631265102.0;1594.56
1631265113.0;1594.56
1631265124.0;1594.56
1631265135.0;1594.56
1631265146.0;1594.56
1631265157.0;1594.56
1631265168.0;1594.56
1631265179.0;1594.56
1631265190.0;1594.56
1631265201.0;1594.56
1631265212.0;1594.56
1631265223.0;1594.56
1631265234.0;1594.56
1631265245.0;1594.56
1631265256.0;1594.56
1631265267.0;1594.56
1631265278.0;1594.56
1631265289.0;1594.56
1631265300.0;1594.56
1631265311.0;1594.56
1631265322.0;1594.56
1631265333.0;1594.56
1631265344.0;1594.56
1631265355.0;1594.56
1631265366.0;1594.56
1631265377.0;1594.56
1631265388.0;1594.56
1631265399.0;1594.56
1631265411.0;1594.56
1631265422.0;1594.56
1631265433.0;1594.56
1631265444.0;1594.56
1631265455.0;1594.56
1631265466.0;1594.56
1631265477.0;1594.56
1631265488.0;1594.56
1631265499.0;1594.56
1631265510.0;1594.56
1631265521.0;1594.56
1631265532.0;1594.56
1631265543.0;1594.56
1631265554.0;1594.56
1631265565.0;1594.56
1631265576.0;1594.56
1631265587.0;1594.56
1631265598.0;1594.56
1631265609.0;1594.56
1631265620.0;1594.56
1631265631.0;1594.56
1631265642.0;1594.56
1631265653.0;1594.56
1631265664.0;1594.56
1631265675.0;1594.56
1631265686.0;1594.56
1631265697.0;1594.56
1631265708.0;1594.56
1631265720.0;1594.56
1631265731.0;1594.56
1631265742.0;1594.56
1631265753.0;1594.56
1631265764.0;1594.56
1631265775.0;1594.56
1631265786.0;1594.56
1631265797.0;1594.56
1631265808.0;1594.56
1631265819.0;1594.56
1631265830.0;1594.56
1631265841.0;1594.56
1631265852.0;1594.56
1631265863.0;1594.56
1631265874.0;1594.56
1631265885.0;1594.56
1631265896.0;1594.56
1631265907.0;1594.56
1631265918.0;1594.56
1631265929.0;1594.56
1631265940.0;1594.56
1631265951.0;1594.56
1631265962.0;1594.56
1631265973.0;1594.56
1631265984.0;1594.56
1631265995.0;1594.56
1631266006.0;1594.56
1631266017.0;1594.56
1631266029.0;1594.56
1631266040.0;1594.56
1631266051.0;1594.56
1631266062.0;1594.56
1631266073.0;1594.56
1631266084.0;1594.56
1631266095.0;1594.56
1631266106.0;1594.56
1631266117.0;1594.56
1631266128.0;1594.56
1631266139.0;1594.56
1631266150.0;1594.56
1631266161.0;1594.56
1631266172.0;1594.56
1631266183.0;1594.56
1631266194.0;1594.56
1631266205.0;1594.56
1631266216.0;1594.56
1631266227.0;1594.56
1631266238.0;1594.56
1631266249.0;1594.56
1631266260.0;1594.56
1631266271.0;1594.56
1631266282.0;1594.56
1631266293.0;1594.56
1631266304.0;1594.56
1631266315.0;1594.56
1631266326.0;1594.56
1631266337.0;1594.56
1631266349.0;1594.56
1631266360.0;1594.56
1631266371.0;1594.56
1631266382.0;1594.56
1631266393.0;1594.56
1631266404.0;1594.56
1631266415.0;1594.56
1631266426.0;1594.56
1631266437.0;1594.56
1631266448.0;1594.56
1631266459.0;1594.56
1631266470.0;1594.56
1631266481.0;1594.56
1631266492.0;1594.56
1631266503.0;1594.56
1631266514.0;1594.56
1631266525.0;1594.56
1631266536.0;1594.56
1631266547.0;1594.56
1631266558.0;1594.56
1631266569.0;1594.56
1631266580.0;1594.56
1631266591.0;1594.56
1631266602.0;1594.56
1631266613.0;1594.56
1631266624.0;1594.56
1631266636.0;1594.56
1631266647.0;1594.56
1631266658.0;1594.56
1631266669.0;1594.56
1631266680.0;1594.56
1631266691.0;1594.56
1631266702.0;1594.56
1631266713.0;1594.56
1631266724.0;1594.56
1631266735.0;1594.56
1631266746.0;1594.56
1631266757.0;1594.56
1631266768.0;1594.56
1631266779.0;1594.56
1631266790.0;1594.56
1631266801.0;1594.56
1631266812.0;1594.56
1631266823.0;1594.56
1631266834.0;1594.56
1631266845.0;1594.56
1631266856.0;1594.56
1631266867.0;1594.56
1631266878.0;1594.56
1631266889.0;1594.56
1631266900.0;1594.56
1631266912.0;1594.56
1631266923.0;1594.56
1631266934.0;1594.56
1631266945.0;1594.56
1631266956.0;1594.56
1631266967.0;1594.56
1631266978.0;1594.56
1631266989.0;1594.56
1631267000.0;1594.56
1631267011.0;1594.56
1631267022.0;1594.56
1631267033.0;1594.56
1631267044.0;1594.56
1631267055.0;1594.56
1631267066.0;1594.56
1631267077.0;1594.56
1631267088.0;1594.56
1631267099.0;1594.56
1631267110.0;1594.56
1631267121.0;1594.56
1631267132.0;1594.56
1631267143.0;1594.56
1631267154.0;1594.56
1631267165.0;1594.56
1631267176.0;1594.56
1631267188.0;1594.56
1631267199.0;1594.56
1631267210.0;1594.56
1631267221.0;1594.56
1631267232.0;1594.56
1631267243.0;1594.56
1631267254.0;1594.56
1631267265.0;1594.56
1631267276.0;1594.56
1631267287.0;1594.56
1631267298.0;1594.56
1631267309.0;1594.56
1631267320.0;1594.56
1631267331.0;1594.56
1631267342.0;1594.56
1631267353.0;1594.56
1631267364.0;1594.56
1631267375.0;1594.56
1631267386.0;1594.56
1631267397.0;1594.56
1631267408.0;1594.56
1631267419.0;1594.56
1631267430.0;1594.56
1631267441.0;1594.56
1631267452.0;1594.56
1631267463.0;1594.56
1631267474.0;1594.56
1631267485.0;1594.56
1631267497.0;1594.56
1631267508.0;1594.56
1631267519.0;1594.56
1631267530.0;1594.56
1631267541.0;1594.56
1631267552.0;1594.56
1631267563.0;1594.56
1631267574.0;1594.56
1631267585.0;1594.56
1631267596.0;1594.56
1631267607.0;1594.56
1631267618.0;1594.56
1631267629.0;1594.56
1631267640.0;1594.56
1631267651.0;1594.56
1631267662.0;1594.56
1631267673.0;1594.56
1631267684.0;1594.56
1631267695.0;1594.56
1631267706.0;1594.56
1631267717.0;1594.56
1631267728.0;1594.56
1631267739.0;1594.56
1631267750.0;1594.56
1631267761.0;1594.56
1631267772.0;1594.56
1631267783.0;1594.56
1631267794.0;1594.56
1631267806.0;1594.56
1631267817.0;1594.56
1631267828.0;1594.56
1631267839.0;1594.56
1631267850.0;1594.56
1631267861.0;1594.56
1631267872.0;1594.56
1631267883.0;1594.56
1631267894.0;1594.56
1631267905.0;1594.56
1631267916.0;1594.56
1631267927.0;1594.56
1631267938.0;1594.56
1631267949.0;1594.56
1631267960.0;1594.56
1631267971.0;1594.56
1631267982.0;1594.56
1631267993.0;1594.56
1631268004.0;1594.56
1631268015.0;1594.56
1631268026.0;1594.56
1631268037.0;1594.56
1631268048.0;1594.56
1631268059.0;1594.56
1631268070.0;1594.56
1631268081.0;1594.56
1631268092.0;1594.56
1631268103.0;1594.56
1631268115.0;1594.56
1631268126.0;1594.56
1631268137.0;1594.56
1631268148.0;1594.56
1631268159.0;1594.56
1631268170.0;1594.56
1631268181.0;1594.56
1631268192.0;1594.56
1631268203.0;1594.56
1631268214.0;1594.56
1631268225.0;1594.56
1631268236.0;1594.56
1631268247.0;1594.56
1631268258.0;1594.56
1631268269.0;1594.56
1631268280.0;1594.56
1631268291.0;1594.56
1631268302.0;1594.56
1631268313.0;1594.56
1631268324.0;1594.56
1631268335.0;1594.56
1631268346.0;1594.56
1631268357.0;1594.56
1631268368.0;1594.56
1631268379.0;1594.56
1631268390.0;1594.56
1631268401.0;1594.56
1631268412.0;1594.56
1631268424.0;1594.56
1631268435.0;1594.56
1631268446.0;1594.56
1631268457.0;1594.56
1631268468.0;1594.56
1631268479.0;1594.56
1631268490.0;1594.56
1631268501.0;1594.56
1631268512.0;1594.56
1631268523.0;1594.56
1631268534.0;1594.56
1631268545.0;1594.56
1631268556.0;1594.56
1631268567.0;1594.56
1631268578.0;1594.56
1631268589.0;1594.56
1631268600.0;1594.56
1631268611.0;1594.56
1631268622.0;1594.56
1631268633.0;1594.56
1631268644.0;1594.56
1631268655.0;1594.56
1631268666.0;1594.56
1631268677.0;1594.56
1631268688.0;1594.56
1631268699.0;1594.56
1631268710.0;1594.56
1631268721.0;1594.56
1631268733.0;1594.56
1631268744.0;1594.56
1631268755.0;1594.56
1631268766.0;1594.56
1631268777.0;1594.56
1631268788.0;1594.56
1631268799.0;1594.56
1631268810.0;1594.56
1631268821.0;1594.56
1631268832.0;1594.56
1631268843.0;1594.56
1631268854.0;1594.56
1631268865.0;1594.56
1631268876.0;1594.56
1631268887.0;1594.56
1631268898.0;1594.56
1631268909.0;1594.56
1631268920.0;1594.56
1631268931.0;1594.56
1631268942.0;1594.56
1631268953.0;1594.56
1631268964.0;1594.56
1631268975.0;1594.56
1631268986.0;1594.56
1631268997.0;1594.56
1631269008.0;1594.56
1631269019.0;1594.56
1631269031.0;1594.56
1631269042.0;1594.56
1631269053.0;1594.56
1631269064.0;1594.56
1631269075.0;1594.56
1631269086.0;1594.56
1631269097.0;1594.56
1631269108.0;1594.56
1631269119.0;1594.56
1631269130.0;1594.56
1631269141.0;1594.56
1631269152.0;1594.56
1631269163.0;1594.56
1631269174.0;1594.56
1631269185.0;1594.56
1631269196.0;1594.56
1631269207.0;1594.56
1631269218.0;1594.56
1631269229.0;1594.56
1631269240.0;1594.56
1631269251.0;1594.56
1631269262.0;1594.56
1631269273.0;1594.56
1631269284.0;1594.56
1631269295.0;1594.56
1631269306.0;1594.56
1631269317.0;1594.56
1631269328.0;1594.56
1631269339.0;1594.56
1631269351.0;1594.56
1631269362.0;1594.56
1631269373.0;1594.56
1631269384.0;1594.56
1631269395.0;1594.56
1631269406.0;1594.56
1631269417.0;1594.56
1631269428.0;1594.56
1631269439.0;1594.56
1631269450.0;1594.56
1631269461.0;1594.56
1631269472.0;1594.56
1631269483.0;1594.56
1631269494.0;1594.56
1631269505.0;1594.56
1631269516.0;1594.56
1631269527.0;1594.56
1631269538.0;1594.56
1631269549.0;1594.56
1631269560.0;1594.56
1631269571.0;1594.56
1631269582.0;1594.56
1631269593.0;1594.56
1631269604.0;1594.56
1631269615.0;1594.56
1631269626.0;1594.56
1631269637.0;1594.56
1631269649.0;1594.56
1631269660.0;1594.56
1631269671.0;1594.56
1631269682.0;1594.56
1631269693.0;1594.56
1631269704.0;1594.56
1631269715.0;1594.56
1631269726.0;1594.56
1631269737.0;1594.56
1631269748.0;1594.56
1631269759.0;1594.56
1631269770.0;1594.56
1631269781.0;1594.56
1631269792.0;1594.56
1631269803.0;1594.56
1631269814.0;1594.56
1631269825.0;1594.56
1631269836.0;1594.56
1631269847.0;1594.56
1631269858.0;1594.56
1631269869.0;1594.56
1631269880.0;1594.56
1631269891.0;1594.56
1631269902.0;1594.56
1631269913.0;1594.56
1631269924.0;1594.56
1631269935.0;1594.56
1631269946.0;1594.56
1631269958.0;1594.56
1631269969.0;1594.56
1631269980.0;1594.56
1631269991.0;1594.56
1631270002.0;1594.56
1631270013.0;1594.56
1631270024.0;1594.56
1631270035.0;1594.56
1631270046.0;1594.56
1631270057.0;1594.56
1631270068.0;1594.56
1631270079.0;1594.56
1631270090.0;1594.56
1631270101.0;1594.56
1631270112.0;1594.56
1631270123.0;1594.56
1631270134.0;1594.56
1631270145.0;1594.56
1631270156.0;1594.56
1631270167.0;1594.56
1631270178.0;1594.56
1631270189.0;1594.56
1631270200.0;1594.56
1631270211.0;1594.56
1631270222.0;1594.56
1631270233.0;1594.56
1631270245.0;1594.56
1631270256.0;1594.56
1631270267.0;1594.56
1631270278.0;1594.56
1631270289.0;1594.56
1631270300.0;1594.56
1631270311.0;1594.56
1631270322.0;1594.56
1631270333.0;1594.56
1631270344.0;1594.56
1631270355.0;1594.56
1631270366.0;1594.56
1631270377.0;1594.56
1631270388.0;1594.56
1631270399.0;1594.56
1631270410.0;1594.56
1631270421.0;1594.56
1631270432.0;1594.56
1631270443.0;1594.56
1631270454.0;1594.56
1631270465.0;1594.56
1631270476.0;1594.56
1631270487.0;1594.56
1631270498.0;1594.56
1631270509.0;1594.56
1631270521.0;1594.56
1631270532.0;1594.56
1631270543.0;1594.56
1631270554.0;1594.56
1631270565.0;1594.56
1631270576.0;1594.56
1631270587.0;1594.56
1631270598.0;1594.56
1631270609.0;1594.56
1631270620.0;1594.56
1631270631.0;1594.56
1631270642.0;1594.56
1631270653.0;1594.56
1631270664.0;1594.56
1631270675.0;1594.56
1631270686.0;1594.56
1631270697.0;1594.56
1631270708.0;1594.56
1631270719.0;1594.56
1631270730.0;1594.56
1631270741.0;1594.56
1631270752.0;1594.56
1631270763.0;1594.56
1631270774.0;1594.56
1631270785.0;1594.56
1631270796.0;1594.56
1631270807.0;1594.56
1631270818.0;1594.56
1631270829.0;1594.56
1631270840.0;1594.56
1631270852.0;1594.56
1631270863.0;1594.56
1631270874.0;1594.56
1631270885.0;1594.56
1631270896.0;1594.56
1631270907.0;1594.56
1631270918.0;1594.56
1631270929.0;1594.56
1631270940.0;1594.56
1631270951.0;1594.56
1631270962.0;1594.56
1631270973.0;1594.56
1631270984.0;1594.56
1631270995.0;1594.56
1631271006.0;1594.56
1631271017.0;1594.56
1631271028.0;1594.56
1631271039.0;1594.56
1631271050.0;1594.56
1631271061.0;1594.56
1631271072.0;1594.56
1631271083.0;1594.56
1631271094.0;1594.56
1631271105.0;1594.56
1631271116.0;1594.56
1631271127.0;1594.56
1631271138.0;1594.56
1631271149.0;1594.56
1631271161.0;1594.56
1631271172.0;1594.56
1631271183.0;1594.56
1631271194.0;1594.56
1631271205.0;1594.56
1631271216.0;1594.56
1631271227.0;1594.56
1631271238.0;1594.56
1631271249.0;1594.56
1631271260.0;1594.56
1631271271.0;1594.56
1631271282.0;1594.56
1631271293.0;1594.56
1631271304.0;1594.56
1631271315.0;1594.56
1631271326.0;1594.56
1631271337.0;1594.56
1631271348.0;1594.56
1631271359.0;1594.56
1631271370.0;1594.56
1631271381.0;1594.56
1631271392.0;1594.56
1631271403.0;1594.56
1631271414.0;1594.56
1631271425.0;1594.56
1631271436.0;1594.56
1631271447.0;1594.56
1631271458.0;1594.56
1631271470.0;1594.56
1631271481.0;1594.56
1631271492.0;1594.56
1631271503.0;1594.56
1631271514.0;1594.56
1631271525.0;1594.56
1631271536.0;1594.56
1631271547.0;1594.56
1631271558.0;1594.56
1631271569.0;1594.56
1631271580.0;1594.56
1631271591.0;1594.56
1631271602.0;1594.56
1631271613.0;1594.56
1631271624.0;1594.56
1631271635.0;1594.56
1631271646.0;1594.56
1631271657.0;1594.56
1631271668.0;1594.56
1631271679.0;1594.56
1631271690.0;1594.56
1631271701.0;1594.56
1631271712.0;1594.56
1631271723.0;1594.56
1631271734.0;1594.56
1631271745.0;1594.56
1631271756.0;1594.56
1631271767.0;1594.56
1631271778.0;1594.56
1631271790.0;1594.56
1631271801.0;1594.56
1631271812.0;1594.56
1631271823.0;1594.56
1631271834.0;1594.56
1631271845.0;1594.56
1631271856.0;1594.56
1631271867.0;1594.56
1631271878.0;1594.56
1631271889.0;1594.56
1631271900.0;1594.56
1631271911.0;1594.56
1631271922.0;1594.56
1631271933.0;1594.56
1631271944.0;1594.56
1631271955.0;1594.56
1631271966.0;1594.56
1631271977.0;1594.56
1631271988.0;1594.56
1631271999.0;1594.56
1631272010.0;1594.56
1631272021.0;1594.56
1631272032.0;1594.56
1631272043.0;1594.56
1631272054.0;1594.56
1631272065.0;1594.56
1631272076.0;1594.56
1631272088.0;1594.56
1631272099.0;1594.56
1631272110.0;1594.56
1631272121.0;1594.56
1631272132.0;1594.56
1631272143.0;1594.56
1631272154.0;1594.56
1631272165.0;1594.56
1631272176.0;1594.56
1631272187.0;1594.56
1631272198.0;1594.56
1631272209.0;1594.56
1631272220.0;1594.56
1631272231.0;1594.56
1631272242.0;1594.56
1631272253.0;1594.56
1631272264.0;1594.56
1631272275.0;1594.56
1631272286.0;1594.56
1631272297.0;1594.56
1631272308.0;1594.56
1631272320.0;1594.56
1631272331.0;1594.56
1631272342.0;1594.56
1631272353.0;1594.56
1631272364.0;1594.56
1631272375.0;1594.56
1631272386.0;1594.56
1631272397.0;1594.56
1631272408.0;1594.56
1631272419.0;1594.56
1631272430.0;1594.56
1631272441.0;1594.56
1631272452.0;1594.56
1631272463.0;1594.56
1631272474.0;1594.56
1631272485.0;1594.56
1631272496.0;1594.56
1631272507.0;1594.56
1631272518.0;1594.56
1631272529.0;1594.56
1631272540.0;1594.56
1631272551.0;1594.56
1631272562.0;1594.56
1631272573.0;1594.56
1631272584.0;1594.56
1631272595.0;1594.56
1631272606.0;1594.56
1631272617.0;1594.56
1631272629.0;1594.56
1631272640.0;1594.56
1631272651.0;1594.56
1631272662.0;1594.56
1631272673.0;1594.56
1631272684.0;1594.56
1631272695.0;1594.56
1631272706.0;1594.56
1631272717.0;1594.56
1631272728.0;1594.56
1631272739.0;1594.56
1631272750.0;1594.56
1631272761.0;1594.56
1631272772.0;1594.56
1631272783.0;1594.56
1631272794.0;1594.56
1631272805.0;1594.56
1631272816.0;1594.56
1631272827.0;1594.56
1631272838.0;1594.56
1631272849.0;1594.56
1631272860.0;1594.56
1631272871.0;1594.56
1631272882.0;1594.56
1631272893.0;1594.56
1631272904.0;1594.56
1631272915.0;1594.56
1631272926.0;1594.56
1631272938.0;1594.56
1631272949.0;1594.56
1631272960.0;1594.56
1631272971.0;1594.56
1631272982.0;1594.56
1631272993.0;1594.56
1631273004.0;1594.56
1631273015.0;1594.56
1631273026.0;1594.56
1631273037.0;1594.56
1631273048.0;1594.56
1631273059.0;1594.56
1631273070.0;1594.56
1631273081.0;1594.56
1631273092.0;1594.56
1631273103.0;1594.56
1631273114.0;1594.56
1631273125.0;1594.56
1631273136.0;1594.56
1631273147.0;1594.56
1631273158.0;1594.56
1631273169.0;1594.56
1631273180.0;1594.56
1631273191.0;1594.56
1631273202.0;1594.56
1631273213.0;1594.56
1631273224.0;1594.56
1631273235.0;1594.56
1631273247.0;1594.56
1631273258.0;1594.56
1631273269.0;1594.56
1631273280.0;1594.56
1631273291.0;1594.56
1631273302.0;1594.56
1631273313.0;1594.56
1631273324.0;1594.56
1631273335.0;1594.56
1631273346.0;1594.56
1631273357.0;1594.56
1631273368.0;1594.56
1631273379.0;1594.56
1631273390.0;1594.56
1631273401.0;1594.56
1631273412.0;1594.56
1631273423.0;1594.56
1631273434.0;1594.56
1631273445.0;1594.56
1631273456.0;1594.56
1631273467.0;1594.56
1631273478.0;1594.56
1631273489.0;1594.56
1631273500.0;1594.56
1631273511.0;1594.56
1631273522.0;1594.56
1631273533.0;1594.56
1631273544.0;1594.56
1631273555.0;1594.56
1631273566.0;1594.56
1631273577.0;1594.56
1631273589.0;1594.56
1631273600.0;1594.56
1631273611.0;1594.56
1631273622.0;1594.56
1631273633.0;1594.56
1631273644.0;1594.56
1631273655.0;1594.56
1631273666.0;1594.56
1631273677.0;1594.56
1631273688.0;1594.56
1631273699.0;1594.56
1631273710.0;1594.56
1631273721.0;1594.56
1631273732.0;1594.56
1631273743.0;1594.56
1631273754.0;1594.56
1631273765.0;1594.56
1631273776.0;1594.56
1631273787.0;1594.56
1631273798.0;1594.56
1631273809.0;1594.56
1631273820.0;1594.56
1631273831.0;1594.56
1631273842.0;1594.56
1631273853.0;1594.56
1631273864.0;1594.56
1631273875.0;1594.56
1631273886.0;1594.56
1631273898.0;1594.56
1631273909.0;1594.56
1631273920.0;1594.56
1631273931.0;1594.56
1631273942.0;1594.56
1631273953.0;1594.56
1631273964.0;1594.56
1631273975.0;1594.56
1631273986.0;1594.56
1631273997.0;1594.56
1631274008.0;1594.56
1631274019.0;1594.56
1631274030.0;1594.56
1631274041.0;1594.56
1631274052.0;1594.56
1631274063.0;1594.56
1631274074.0;1594.56
1631274085.0;1594.56
1631274096.0;1594.56
1631274107.0;1594.56
1631274118.0;1594.56
1631274129.0;1594.56
1631274140.0;1594.56
1631274151.0;1594.56
1631274162.0;1594.56
1631274173.0;1594.56
1631274184.0;1594.56
1631274196.0;1594.56
1631274207.0;1594.56
1631274218.0;1594.56
1631274229.0;1594.56
1631274240.0;1594.56
1631274251.0;1594.56
1631274262.0;1594.56
1631274273.0;1594.56
1631274284.0;1594.56
1631274295.0;1594.56
1631274306.0;1594.56
1631274317.0;1594.56
1631274328.0;1594.56
1631274339.0;1594.56
1631274350.0;1594.56
1631274361.0;1594.56
1631274372.0;1594.56
1631274383.0;1594.56
1631274394.0;1594.56
1631274405.0;1594.56
1631274416.0;1594.56
1631274427.0;1594.56
1631274438.0;1594.56
1631274449.0;1594.56
1631274460.0;1594.56
1631274471.0;1594.56
1631274482.0;1594.56
1631274493.0;1594.56
1631274504.0;1594.56
1631274516.0;1594.56
1631274527.0;1594.56
1631274538.0;1594.56
1631274549.0;1594.56
1631274560.0;1594.56
1631274571.0;1594.56
1631274582.0;1594.56
1631274593.0;1594.56
1631274604.0;1594.56
1631274615.0;1594.56
1631274626.0;1594.56
1631274637.0;1594.56
1631274648.0;1594.56
1631274659.0;1594.56
1631274670.0;1594.56
1631274681.0;1594.56
1631274692.0;1594.56
1631274703.0;1594.56
1631274714.0;1594.56
1631274725.0;1594.56
1631274736.0;1594.56
1631274747.0;1594.56
1631274758.0;1594.56
1631274769.0;1594.56
1631274780.0;1594.56
1631274791.0;1594.56
1631274802.0;1594.56
1631274814.0;1594.56
1631274825.0;1594.56
1631274836.0;1594.56
1631274847.0;1594.56
1631274858.0;1594.56
1631274869.0;1594.56
1631274880.0;1594.56
1631274891.0;1594.56
1631274902.0;1594.56
1631274913.0;1594.56
1631274924.0;1594.56
1631274935.0;1594.56
1631274946.0;1594.56
1631274957.0;1594.56
1631274968.0;1594.56
1631274979.0;1594.56
1631274990.0;1594.56
1631275001.0;1594.56
1631275012.0;1594.56
1631275023.0;1594.56
1631275034.0;1594.56
1631275045.0;1594.56
1631275056.0;1594.56
1631275067.0;1594.56
1631275079.0;1594.56
1631275090.0;1594.56
1631275101.0;1594.56
1631275112.0;1594.56
1631275123.0;1594.56
1631275134.0;1594.56
1631275145.0;1594.56
1631275156.0;1594.56
1631275167.0;1594.56
1631275178.0;1594.56
1631275189.0;1594.56
1631275200.0;1594.56
1631275211.0;1594.56
1631275222.0;1594.56
1631275233.0;1594.56
1631275244.0;1594.56
1631275255.0;1594.56
1631275266.0;1594.56
1631275277.0;1594.56
1631275288.0;1594.56
1631275299.0;1594.56
1631275310.0;1594.56
1631275321.0;1594.56
1631275332.0;1594.56
1631275343.0;1594.56
1631275354.0;1594.56
1631275365.0;1594.56
1631275376.0;1594.56
1631275388.0;1594.56
1631275399.0;1594.56
1631275410.0;1594.56
1631275421.0;1594.56
1631275432.0;1594.56
1631275443.0;1594.56
1631275454.0;1594.56
1631275465.0;1594.56
1631275476.0;1594.56
1631275487.0;1594.56
1631275498.0;1594.56
1631275509.0;1594.56
1631275520.0;1594.56
1631275531.0;1594.56
1631275542.0;1594.56
1631275553.0;1594.56
1631275564.0;1594.56
1631275575.0;1594.56
1631275586.0;1594.56
1631275597.0;1594.56
1631275608.0;1594.56
1631275619.0;1594.56
1631275630.0;1594.56
1631275641.0;1594.56
1631275652.0;1594.56
1631275663.0;1594.56
1631275674.0;1594.56
1631275686.0;1594.56
1631275697.0;1594.56
1631275708.0;1594.56
1631275719.0;1594.56
1631275730.0;1594.56
1631275741.0;1594.56
1631275752.0;1594.56
1631275763.0;1594.56
1631275774.0;1594.56
1631275785.0;1594.56
1631275796.0;1594.56
1631275807.0;1594.56
1631275818.0;1594.56
1631275829.0;1594.56
1631275840.0;1594.56
1631275851.0;1594.56
1631275862.0;1594.56
1631275873.0;1594.56
1631275884.0;1594.56
1631275895.0;1594.56
1631275906.0;1594.56
1631275917.0;1594.56
1631275928.0;1594.56
1631275939.0;1594.56
1631275950.0;1594.56
1631275961.0;1594.56
1631275972.0;1594.56
1631275983.0;1594.56
1631275995.0;1594.56
1631276006.0;1594.56
1631276017.0;1594.56
1631276028.0;1594.56
1631276039.0;1594.56
1631276050.0;1594.56
1631276061.0;1594.56
1631276072.0;1594.56
1631276083.0;1594.56
1631276094.0;1594.56
1631276105.0;1594.56
1631276116.0;1594.56
1631276127.0;1594.56
1631276138.0;1594.56
1631276149.0;1594.56
1631276160.0;1594.56
1631276171.0;1594.56
1631276182.0;1594.56
1631276193.0;1594.56
1631276204.0;1594.56
1631276215.0;1594.56
1631276226.0;1594.56
1631276237.0;1594.56
1631276248.0;1594.56
1631276259.0;1594.56
1631276270.0;1594.56
1631276281.0;1594.56
1631276292.0;1594.56
1631276303.0;1594.56
1631276315.0;1594.56
1631276326.0;1594.56
1631276337.0;1594.56
1631276348.0;1594.56
1631276359.0;1594.56
1631276370.0;1594.56
1631276381.0;1594.56
1631276392.0;1594.56
1631276403.0;1594.56
1631276414.0;1594.56
1631276425.0;1594.56
1631276436.0;1594.56
1631276447.0;1594.56
1631276458.0;1594.56
1631276469.0;1594.56
1631276480.0;1594.56
1631276491.0;1594.56
1631276502.0;1594.56
1631276513.0;1594.56
1631276524.0;1594.56
1631276535.0;1594.56
1631276546.0;1594.56
1631276557.0;1594.56
1631276568.0;1594.56
1631276579.0;1594.56
1631276590.0;1594.56
1631276601.0;1594.56
1631276612.0;1594.56
1631276623.0;1594.56
1631276635.0;1594.56
1631276646.0;1594.56
1631276657.0;1594.56
1631276668.0;1594.56
1631276679.0;1594.56
1631276690.0;1594.56
1631276701.0;1594.56
1631276712.0;1594.56
1631276723.0;1594.56
1631276734.0;1594.56
1631276745.0;1594.56
1631276756.0;1594.56
1631276767.0;1594.56
1631276778.0;1594.56
1631276789.0;1594.56
1631276800.0;1594.56
1631276811.0;1594.56
1631276822.0;1594.56
1631276833.0;1594.56
1631276844.0;1594.56
1631276855.0;1594.56
1631276866.0;1594.56
1631276877.0;1594.56
1631276888.0;1594.56
1631276899.0;1594.56
1631276910.0;1594.56
1631276921.0;1594.56
1631276932.0;1594.56
1631276943.0;1594.56
1631276954.0;1594.56
1631276965.0;1594.56
1631276977.0;1594.56
1631276988.0;1594.56
1631276999.0;1594.56
1631277010.0;1594.56
1631277021.0;1594.56
1631277032.0;1594.56
1631277043.0;1594.56
1631277054.0;1594.56
1631277065.0;1594.56
1631277076.0;1594.56
1631277087.0;1594.56
1631277098.0;1594.56
1631277109.0;1594.56
1631277120.0;1594.56
1631277131.0;1594.56
1631277142.0;1594.56
1631277153.0;1594.56
1631277164.0;1594.56
1631277175.0;1594.56
1631277186.0;1594.56
1631277197.0;1594.56
1631277208.0;1594.56
1631277219.0;1594.56
1631277230.0;1594.56
1631277241.0;1594.56
1631277252.0;1594.56
1631277263.0;1594.56
1631277275.0;1594.56
1631277286.0;1594.56
1631277297.0;1594.56
1631277308.0;1594.56
1631277319.0;1594.56
1631277330.0;1594.56
1631277341.0;1594.56
1631277352.0;1594.56
1631277363.0;1594.56
1631277374.0;1594.56
1631277385.0;1594.56
1631277396.0;1594.56
1631277407.0;1594.56
1631277418.0;1594.56
1631277429.0;1594.56
1631277440.0;1594.56
1631277451.0;1594.56
1631277462.0;1594.56
1631277473.0;1594.56
1631277484.0;1594.56
1631277495.0;1594.56
1631277506.0;1594.56
1631277517.0;1594.56
1631277528.0;1594.56
1631277539.0;1594.56
1631277550.0;1594.56
1631277562.0;1594.56
1631277573.0;1594.56
1631277584.0;1594.56
1631277595.0;1594.56
1631277606.0;1594.56
1631277617.0;1594.56
1631277628.0;1594.56
1631277639.0;1594.56
1631277650.0;1594.56
