PlantID;Time;PriceListID;SwID
dde0ccbb-fa4b-4ad1-9df0-d029d61d6221;20211025;EUT.etl.research_data_export
20211001T000000;0.00
20211001T001500;0.00
20211001T003000;0.00
20211001T004500;0.00
20211001T010000;0.00
20211001T011500;0.00
20211001T013000;0.00
20211001T014500;0.00
20211001T020000;0.00
20211001T021500;0.00
20211001T023000;0.00
20211001T024500;0.00
20211001T030000;0.00
20211001T031500;0.00
20211001T033000;0.00
20211001T034500;0.00
20211001T040000;0.00
20211001T041500;0.00
20211001T043000;0.00
20211001T044500;0.00
20211001T050000;0.00
20211001T051500;0.00
20211001T053000;0.00
20211001T054500;0.00
20211001T060000;0.00
20211001T061500;0.01
20211001T063000;0.05
20211001T064500;0.13
20211001T070000;0.26
20211001T071500;0.40
20211001T073000;0.57
20211001T074500;0.77
20211001T080000;1.05
20211001T081500;1.35
20211001T083000;1.73
20211001T084500;2.17
20211001T090000;2.59
20211001T091500;3.60
20211001T093000;4.02
20211001T094500;5.02
20211001T100000;5.62
20211001T101500;6.25
20211001T103000;6.74
20211001T104500;7.83
20211001T110000;8.75
20211001T111500;9.79
20211001T113000;10.81
20211001T114500;11.85
20211001T120000;12.84
20211001T121500;13.80
20211001T123000;14.71
20211001T124500;15.54
20211001T130000;16.36
20211001T131500;17.15
20211001T133000;17.79
20211001T134500;18.47
20211001T140000;18.91
20211001T141500;19.25
20211001T143000;19.55
20211001T144500;19.94
20211001T150000;20.22
20211001T151500;20.39
20211001T153000;20.52
20211001T154500;20.60
20211001T160000;20.64
20211001T161500;20.67
20211001T163000;20.71
20211001T164500;20.75
20211001T170000;20.78
20211001T171500;20.80
20211001T173000;20.80
20211001T174500;20.80
20211001T180000;20.80
20211001T181500;20.80
20211001T183000;20.80
20211001T184500;20.80
20211001T190000;20.80
20211001T191500;20.80
20211001T193000;20.80
20211001T194500;20.80
20211001T200000;20.80
20211001T201500;20.80
20211001T203000;20.80
20211001T204500;20.80
20211001T210000;20.80
20211001T211500;20.80
20211001T213000;20.80
20211001T214500;20.80
20211001T221500;20.80
20211001T223000;20.80
20211001T224500;20.80
20211001T230000;20.80
20211001T231500;20.80
20211001T233000;20.80
20211001T234500;20.80
20211002T000000;20.80
20211002T001500;20.80
20211002T003000;20.80
20211002T004500;20.80
20211002T010000;20.80
20211002T011500;20.80
20211002T013000;20.80
20211002T014500;20.80
20211002T020000;20.80
20211002T021500;20.80
20211002T023000;20.80
20211002T024500;20.80
20211002T030000;20.80
20211002T031500;20.80
20211002T033000;20.80
20211002T034500;20.80
20211002T040000;20.80
20211002T041500;20.80
20211002T043000;20.80
20211002T044500;20.80
20211002T050000;20.80
20211002T051500;20.80
20211002T053000;20.80
20211002T054500;20.80
20211002T060000;20.80
20211002T061500;20.80
20211002T063000;20.82
20211002T064500;20.85
20211002T070000;20.90
20211002T071500;20.96
20211002T073000;21.04
20211002T074500;21.15
20211002T080000;21.28
20211002T081500;21.43
20211002T083000;21.62
20211002T084500;21.84
20211002T090000;22.09
20211002T091500;22.39
20211002T093000;22.73
20211002T094500;23.40
20211002T100000;24.40
20211002T101500;25.39
20211002T103000;26.36
20211002T104500;27.35
20211002T110000;28.31
20211002T111500;29.32
20211002T113000;30.29
20211002T114500;31.19
20211002T120000;32.18
20211002T121500;33.11
20211002T123000;34.03
20211002T124500;34.90
20211002T130000;35.54
20211002T131500;36.26
20211002T133000;36.86
20211002T134500;37.35
20211002T140000;37.90
20211002T141500;38.37
20211002T143000;38.58
20211002T144500;38.80
20211002T150000;39.01
20211002T151500;39.23
20211002T153000;39.39
20211002T154500;39.53
20211002T160000;39.62
20211002T161500;39.70
20211002T163000;39.76
20211002T164500;39.80
20211002T170000;39.82
20211002T171500;39.84
20211002T173000;39.84
20211002T174500;39.84
20211002T180000;39.84
20211002T181500;39.84
20211002T183000;39.84
20211002T184500;39.84
20211002T190000;39.84
20211002T191500;39.84
20211002T193000;39.84
20211002T194500;39.84
20211002T200000;39.84
20211002T201500;39.84
20211002T203000;39.84
20211002T204500;39.84
20211002T210000;39.84
20211002T211500;39.84
20211002T213000;39.84
20211002T214500;39.84
20211002T221500;39.84
20211002T223000;39.84
20211002T224500;39.84
20211002T230000;39.84
20211002T231500;39.84
20211002T233000;39.84
20211002T234500;39.84
20211003T000000;39.84
20211003T001500;39.84
20211003T003000;39.84
20211003T004500;39.84
20211003T010000;39.84
20211003T011500;39.84
20211003T013000;39.84
20211003T014500;39.84
20211003T020000;39.84
20211003T021500;39.84
20211003T023000;39.84
20211003T024500;39.84
20211003T030000;39.84
20211003T031500;39.84
20211003T033000;39.84
20211003T034500;39.84
20211003T040000;39.84
20211003T041500;39.84
20211003T043000;39.84
20211003T044500;39.84
20211003T050000;39.84
20211003T051500;39.84
20211003T053000;39.84
20211003T054500;39.84
20211003T060000;39.84
20211003T061500;39.84
20211003T063000;39.84
20211003T064500;39.90
20211003T070000;39.99
20211003T071500;40.06
20211003T073000;40.15
20211003T074500;40.32
20211003T080000;40.60
20211003T081500;40.87
20211003T083000;41.09
20211003T084500;41.72
20211003T090000;42.31
20211003T091500;42.85
20211003T093000;43.13
20211003T094500;43.42
20211003T100000;43.84
20211003T101500;44.23
20211003T103000;44.59
20211003T104500;45.11
20211003T110000;45.46
20211003T111500;45.88
20211003T113000;46.27
20211003T114500;46.62
20211003T120000;47.18
20211003T121500;47.60
20211003T123000;48.45
20211003T124500;49.07
20211003T130000;49.66
20211003T131500;50.23
20211003T133000;50.59
20211003T134500;50.92
20211003T140000;51.32
20211003T141500;51.92
20211003T143000;52.23
20211003T144500;52.53
20211003T150000;52.81
20211003T151500;53.01
20211003T153000;53.20
20211003T154500;53.35
20211003T160000;53.46
20211003T161500;53.53
20211003T163000;53.57
20211003T164500;53.59
20211003T170000;53.60
20211003T171500;53.60
20211003T173000;53.60
20211003T174500;53.60
20211003T180000;53.60
20211003T181500;53.60
20211003T183000;53.60
20211003T184500;53.60
20211003T190000;53.60
20211003T191500;53.60
20211003T193000;53.60
20211003T194500;53.60
20211003T200000;53.60
20211003T201500;53.60
20211003T203000;53.60
20211003T204500;53.60
20211003T210000;53.60
20211003T211500;53.60
20211003T213000;53.60
20211003T214500;53.60
20211003T221500;53.60
20211003T223000;53.60
20211003T224500;53.60
20211003T230000;53.60
20211003T231500;53.60
20211003T233000;53.60
20211003T234500;53.60
20211004T000000;53.60
20211004T001500;53.60
20211004T003000;53.60
20211004T004500;53.60
20211004T010000;53.60
20211004T011500;53.60
20211004T013000;53.60
20211004T014500;53.60
20211004T020000;53.60
20211004T021500;53.60
20211004T023000;53.60
20211004T024500;53.60
20211004T030000;53.60
20211004T031500;53.60
20211004T033000;53.60
20211004T034500;53.60
20211004T040000;53.60
20211004T041500;53.60
20211004T043000;53.60
20211004T044500;53.60
20211004T050000;53.60
20211004T051500;53.60
20211004T053000;53.60
20211004T054500;53.60
20211004T060000;53.60
20211004T061500;53.60
20211004T063000;53.60
20211004T064500;53.60
20211004T070000;53.61
20211004T071500;53.62
20211004T073000;53.62
20211004T074500;53.64
20211004T080000;53.67
20211004T081500;53.72
20211004T083000;53.79
20211004T084500;53.85
20211004T090000;53.95
20211004T091500;54.11
20211004T093000;54.28
20211004T094500;54.54
20211004T100000;54.86
20211004T101500;55.16
20211004T103000;55.41
20211004T104500;55.64
20211004T110000;55.84
20211004T111500;55.98
20211004T113000;56.19
20211004T114500;56.52
20211004T120000;56.89
20211004T121500;57.25
20211004T123000;57.63
20211004T124500;57.95
20211004T130000;58.24
20211004T131500;58.62
20211004T133000;59.04
20211004T134500;59.40
20211004T140000;59.91
20211004T141500;60.35
20211004T143000;60.74
20211004T144500;61.08
20211004T150000;61.32
20211004T151500;61.51
20211004T153000;61.74
20211004T154500;61.89
20211004T160000;61.99
20211004T161500;62.06
20211004T163000;62.11
20211004T164500;62.16
20211004T170000;62.20
20211004T171500;62.23
20211004T173000;62.24
20211004T174500;62.24
20211004T180000;62.24
20211004T181500;62.24
20211004T183000;62.24
20211004T184500;62.24
20211004T190000;62.24
20211004T191500;62.24
20211004T193000;62.24
20211004T194500;62.24
20211004T200000;62.24
20211004T201500;62.24
20211004T203000;62.24
20211004T204500;62.24
20211004T210000;62.24
20211004T211500;62.24
20211004T213000;62.24
20211004T214500;62.24
20211004T221500;62.24
20211004T223000;62.24
20211004T224500;62.24
20211004T230000;62.24
20211004T231500;62.24
20211004T233000;62.24
20211004T234500;62.24
20211005T000000;62.24
20211005T001500;62.24
20211005T003000;62.24
20211005T004500;62.24
20211005T010000;62.24
20211005T011500;62.24
20211005T013000;62.24
20211005T014500;62.24
20211005T020000;62.24
20211005T021500;62.24
20211005T023000;62.24
20211005T024500;62.24
20211005T030000;62.24
20211005T031500;62.24
20211005T033000;62.24
20211005T034500;62.24
20211005T040000;62.24
20211005T041500;62.24
20211005T043000;62.24
20211005T044500;62.24
20211005T050000;62.24
20211005T051500;62.24
20211005T053000;62.24
20211005T054500;62.24
20211005T060000;62.24
20211005T061500;62.24
20211005T063000;62.26
20211005T064500;62.30
20211005T070000;62.37
20211005T071500;62.48
20211005T073000;62.62
20211005T074500;62.68
20211005T080000;62.84
20211005T081500;63.30
20211005T083000;64.04
20211005T084500;64.92
20211005T090000;65.88
20211005T091500;66.87
20211005T093000;67.93
20211005T094500;68.91
20211005T100000;69.67
20211005T101500;70.58
20211005T103000;71.13
20211005T104500;71.72
20211005T110000;72.42
20211005T111500;73.51
20211005T113000;74.70
20211005T114500;75.85
20211005T120000;76.99
20211005T121500;78.10
20211005T123000;79.23
20211005T124500;80.23
20211005T130000;81.05
20211005T131500;81.80
20211005T133000;82.46
20211005T134500;83.16
20211005T140000;83.72
20211005T141500;84.15
20211005T143000;84.45
20211005T144500;84.72
20211005T150000;84.96
20211005T151500;85.15
20211005T153000;85.29
20211005T154500;85.42
20211005T160000;85.53
20211005T161500;85.61
20211005T163000;85.68
20211005T164500;85.74
20211005T170000;85.78
20211005T171500;85.79
20211005T173000;85.79
20211005T174500;85.79
20211005T180000;85.79
20211005T181500;85.79
20211005T183000;85.79
20211005T184500;85.79
20211005T190000;85.79
20211005T191500;85.79
20211005T193000;85.79
20211005T194500;85.79
20211005T200000;85.79
20211005T201500;85.79
20211005T203000;85.79
20211005T204500;85.79
20211005T210000;85.79
20211005T211500;85.79
20211005T213000;85.79
20211005T214500;85.79
20211005T221500;85.79
20211005T223000;85.79
20211005T224500;85.79
20211005T230000;85.79
20211005T231500;85.79
20211005T233000;85.79
20211005T234500;85.79
20211006T000000;85.79
20211006T001500;85.79
20211006T003000;85.79
20211006T004500;85.79
20211006T010000;85.79
20211006T011500;85.79
20211006T013000;85.79
20211006T014500;85.79
20211006T020000;85.79
20211006T021500;85.79
20211006T023000;85.79
20211006T024500;85.79
20211006T030000;85.79
20211006T031500;85.79
20211006T033000;85.79
20211006T034500;85.79
20211006T040000;85.79
20211006T041500;85.79
20211006T043000;85.79
20211006T044500;85.79
20211006T050000;85.79
20211006T051500;85.79
20211006T053000;85.79
20211006T054500;85.79
20211006T060000;85.79
20211006T061500;85.80
20211006T063000;85.83
20211006T064500;85.87
20211006T070000;85.97
20211006T071500;86.11
20211006T073000;86.24
20211006T074500;86.38
20211006T080000;86.52
20211006T081500;86.73
20211006T083000;87.12
20211006T084500;87.58
20211006T090000;88.08
20211006T091500;88.69
20211006T093000;89.55
20211006T094500;90.51
20211006T100000;91.54
20211006T101500;92.52
20211006T103000;93.45
20211006T104500;94.40
20211006T110000;95.45
20211006T111500;96.22
20211006T113000;97.24
20211006T114500;98.22
20211006T120000;99.11
20211006T121500;100.01
20211006T123000;100.71
20211006T124500;101.52
20211006T130000;102.35
20211006T131500;103.11
20211006T133000;103.79
20211006T134500;104.37
20211006T140000;104.92
20211006T141500;105.37
20211006T143000;105.73
20211006T144500;106.02
20211006T150000;106.25
20211006T151500;106.41
20211006T153000;106.52
20211006T154500;106.59
20211006T160000;106.64
20211006T161500;106.68
20211006T163000;106.71
20211006T164500;106.74
20211006T170000;106.76
20211006T171500;106.76
20211006T173000;106.76
20211006T174500;106.76
20211006T180000;106.76
20211006T181500;106.76
20211006T183000;106.76
20211006T184500;106.76
20211006T190000;106.76
20211006T191500;106.76
20211006T193000;106.76
20211006T194500;106.76
20211006T200000;106.76
20211006T201500;106.76
20211006T203000;106.76
20211006T204500;106.76
20211006T210000;106.76
20211006T211500;106.76
20211006T213000;106.76
20211006T214500;106.76
20211006T221500;106.76
20211006T223000;106.76
20211006T224500;106.76
20211006T230000;106.76
20211006T231500;106.76
20211006T233000;106.76
20211006T234500;106.76
20211007T000000;106.76
20211007T001500;106.76
20211007T003000;106.76
20211007T004500;106.76
20211007T010000;106.76
20211007T011500;106.76
20211007T013000;106.76
20211007T014500;106.76
20211007T020000;106.76
20211007T021500;106.76
20211007T023000;106.76
20211007T024500;106.76
20211007T030000;106.76
20211007T031500;106.76
20211007T033000;106.76
20211007T034500;106.76
20211007T040000;106.76
20211007T041500;106.76
20211007T043000;106.76
20211007T044500;106.76
20211007T050000;106.76
20211007T051500;106.76
20211007T053000;106.76
20211007T054500;106.76
20211007T060000;106.76
20211007T061500;106.77
20211007T063000;106.80
20211007T064500;106.85
20211007T070000;106.92
20211007T071500;107.02
20211007T073000;107.11
20211007T074500;107.21
20211007T080000;107.36
20211007T081500;107.76
20211007T083000;108.44
20211007T084500;109.29
20211007T090000;110.21
20211007T091500;111.18
20211007T093000;112.20
20211007T094500;113.24
20211007T100000;114.30
20211007T101500;115.36
20211007T103000;116.41
20211007T104500;117.46
20211007T110000;118.50
20211007T111500;119.52
20211007T113000;120.54
20211007T114500;121.53
20211007T120000;122.47
20211007T121500;123.39
20211007T123000;124.26
20211007T124500;125.10
20211007T130000;125.89
20211007T131500;126.63
20211007T133000;127.31
20211007T134500;127.91
20211007T140000;128.45
20211007T141500;128.87
20211007T143000;129.22
20211007T144500;129.49
20211007T150000;129.70
20211007T151500;129.85
20211007T153000;129.95
20211007T154500;130.01
20211007T160000;130.06
20211007T161500;130.09
20211007T163000;130.13
20211007T164500;130.15
20211007T170000;130.17
20211007T171500;130.18
20211007T173000;130.18
20211007T174500;130.18
20211007T180000;130.18
20211007T181500;130.18
20211007T183000;130.18
20211007T184500;130.18
20211007T190000;130.18
20211007T191500;130.18
20211007T193000;130.18
20211007T194500;130.18
20211007T200000;130.18
20211007T201500;130.18
20211007T203000;130.18
20211007T204500;130.18
20211007T210000;130.18
20211007T211500;130.18
20211007T213000;130.18
20211007T214500;130.18
20211007T221500;130.18
20211007T223000;130.18
20211007T224500;130.18
20211007T230000;130.18
20211007T231500;130.18
20211007T233000;130.18
20211007T234500;130.18
20211008T000000;130.18
20211008T001500;130.18
20211008T003000;130.18
20211008T004500;130.18
20211008T010000;130.18
20211008T011500;130.18
20211008T013000;130.18
20211008T014500;130.18
20211008T020000;130.18
20211008T021500;130.18
20211008T023000;130.18
20211008T024500;130.18
20211008T030000;130.18
20211008T031500;130.18
20211008T033000;130.18
20211008T034500;130.18
20211008T040000;130.18
20211008T041500;130.18
20211008T043000;130.18
20211008T044500;130.18
20211008T050000;130.18
20211008T051500;130.18
20211008T053000;130.18
20211008T054500;130.18
20211008T060000;130.18
20211008T061500;130.18
20211008T063000;130.21
20211008T064500;130.26
20211008T070000;130.31
20211008T071500;130.39
20211008T073000;130.48
20211008T074500;130.58
20211008T080000;130.72
20211008T081500;131.08
20211008T083000;131.68
20211008T084500;132.39
20211008T090000;133.28
20211008T091500;134.22
20211008T093000;135.20
20211008T094500;136.20
20211008T100000;137.24
20211008T101500;138.27
20211008T103000;139.30
20211008T104500;140.26
20211008T110000;141.29
20211008T111500;142.31
20211008T113000;143.31
20211008T114500;144.31
20211008T120000;145.14
20211008T121500;145.75
20211008T123000;146.60
20211008T124500;147.45
20211008T130000;148.28
20211008T131500;149.05
20211008T133000;149.72
20211008T134500;150.34
20211008T140000;150.82
20211008T141500;151.25
20211008T143000;151.62
20211008T144500;151.91
20211008T150000;152.07
20211008T151500;152.21
20211008T153000;152.36
20211008T154500;152.47
20211008T160000;152.55
20211008T161500;152.61
20211008T163000;152.66
20211008T164500;152.70
20211008T170000;152.73
20211008T171500;152.73
20211008T173000;152.73
20211008T174500;152.73
20211008T180000;152.73
20211008T181500;152.73
20211008T183000;152.73
20211008T184500;152.73
20211008T190000;152.73
20211008T191500;152.73
20211008T193000;152.73
20211008T194500;152.73
20211008T200000;152.73
20211008T201500;152.73
20211008T203000;152.73
20211008T204500;152.73
20211008T210000;152.73
20211008T211500;152.73
20211008T213000;152.73
20211008T214500;152.73
20211008T221500;152.73
20211008T223000;152.73
20211008T224500;152.73
20211008T230000;152.73
20211008T231500;152.73
20211008T233000;152.73
20211008T234500;152.73
20211009T000000;152.73
20211009T001500;152.73
20211009T003000;152.73
20211009T004500;152.73
20211009T010000;152.73
20211009T011500;152.73
20211009T013000;152.73
20211009T014500;152.73
20211009T020000;152.73
20211009T021500;152.73
20211009T023000;152.73
20211009T024500;152.73
20211009T030000;152.73
20211009T031500;152.73
20211009T033000;152.73
20211009T034500;152.73
20211009T040000;152.73
20211009T041500;152.73
20211009T043000;152.73
20211009T044500;152.73
20211009T050000;152.73
20211009T051500;152.73
20211009T053000;152.73
20211009T054500;152.73
20211009T060000;152.73
20211009T061500;152.73
20211009T063000;152.74
20211009T064500;152.76
20211009T070000;152.80
20211009T071500;152.89
20211009T073000;152.96
20211009T074500;153.06
20211009T080000;153.21
20211009T081500;153.33
20211009T083000;153.48
20211009T084500;153.67
20211009T090000;153.92
20211009T091500;154.30
20211009T093000;155.23
20211009T094500;156.19
20211009T100000;157.17
20211009T101500;158.17
20211009T103000;159.18
20211009T104500;160.04
20211009T110000;161.08
20211009T111500;162.08
20211009T113000;163.11
20211009T114500;164.07
20211009T120000;165.02
20211009T121500;165.82
20211009T123000;166.73
20211009T124500;167.57
20211009T130000;168.27
20211009T131500;169.11
20211009T133000;169.72
20211009T134500;170.31
20211009T140000;170.83
20211009T141500;171.24
20211009T143000;171.60
20211009T144500;171.89
20211009T150000;172.18
20211009T151500;172.36
20211009T153000;172.51
20211009T154500;172.61
20211009T160000;172.68
20211009T161500;172.74
20211009T163000;172.77
20211009T164500;172.80
20211009T170000;172.82
20211009T171500;172.82
20211009T173000;172.82
20211009T174500;172.82
20211009T180000;172.82
20211009T181500;172.82
20211009T183000;172.82
20211009T184500;172.82
20211009T190000;172.82
20211009T191500;172.82
20211009T193000;172.82
20211009T194500;172.82
20211009T200000;172.82
20211009T201500;172.82
20211009T203000;172.82
20211009T204500;172.82
20211009T210000;172.82
20211009T211500;172.82
20211009T213000;172.82
20211009T214500;172.82
20211009T221500;172.82
20211009T223000;172.82
20211009T224500;172.82
20211009T230000;172.82
20211009T231500;172.82
20211009T233000;172.82
20211009T234500;172.82
20211010T000000;172.82
20211010T001500;172.82
20211010T003000;172.82
20211010T004500;172.82
20211010T010000;172.82
20211010T011500;172.82
20211010T013000;172.82
20211010T014500;172.82
20211010T020000;172.82
20211010T021500;172.82
20211010T023000;172.82
20211010T024500;172.82
20211010T030000;172.82
20211010T031500;172.82
20211010T033000;172.82
20211010T034500;172.82
20211010T040000;172.82
20211010T041500;172.82
20211010T043000;172.82
20211010T044500;172.82
20211010T050000;172.82
20211010T051500;172.82
20211010T053000;172.82
20211010T054500;172.82
20211010T060000;172.82
20211010T061500;172.82
20211010T063000;172.83
20211010T064500;172.86
20211010T070000;172.93
20211010T071500;173.04
20211010T073000;173.16
20211010T074500;173.28
20211010T080000;173.42
20211010T081500;173.68
20211010T083000;174.21
20211010T084500;174.97
20211010T090000;175.80
20211010T091500;176.72
20211010T093000;177.69
20211010T094500;178.68
20211010T100000;179.68
20211010T101500;180.69
20211010T103000;181.71
20211010T104500;182.73
20211010T110000;183.54
20211010T111500;184.65
20211010T113000;185.70
20211010T114500;186.44
20211010T120000;186.83
20211010T121500;187.34
20211010T123000;188.07
20211010T124500;188.99
20211010T130000;189.82
20211010T131500;190.48
20211010T133000;191.05
20211010T134500;191.43
20211010T140000;191.68
20211010T141500;191.87
20211010T143000;192.23
20211010T144500;192.52
20211010T150000;192.74
20211010T151500;192.91
20211010T153000;193.02
20211010T154500;193.08
20211010T160000;193.13
20211010T161500;193.19
20211010T163000;193.23
20211010T164500;193.26
20211010T170000;193.28
20211010T171500;193.28
20211010T173000;193.28
20211010T174500;193.28
20211010T180000;193.28
20211010T181500;193.28
20211010T183000;193.28
20211010T184500;193.28
20211010T190000;193.28
20211010T191500;193.28
20211010T193000;193.28
20211010T194500;193.28
20211010T200000;193.28
20211010T201500;193.28
20211010T203000;193.28
20211010T204500;193.28
20211010T210000;193.28
20211010T211500;193.28
20211010T213000;193.28
20211010T214500;193.28
20211010T221500;193.28
20211010T223000;193.28
20211010T224500;193.28
20211010T230000;193.28
20211010T231500;193.28
20211010T233000;193.28
20211010T234500;193.28
20211011T000000;193.28
20211011T001500;193.28
20211011T003000;193.28
20211011T004500;193.28
20211011T010000;193.28
20211011T011500;193.28
20211011T013000;193.28
20211011T014500;193.28
20211011T020000;193.28
20211011T021500;193.28
20211011T023000;193.28
20211011T024500;193.28
20211011T030000;193.28
20211011T031500;193.28
20211011T033000;193.28
20211011T034500;193.28
20211011T040000;193.28
20211011T041500;193.28
20211011T043000;193.28
20211011T044500;193.28
20211011T050000;193.28
20211011T051500;193.28
20211011T053000;193.28
20211011T054500;193.28
20211011T060000;193.28
20211011T061500;193.28
20211011T063000;193.30
20211011T064500;193.34
20211011T070000;193.41
20211011T071500;193.48
20211011T073000;193.57
20211011T074500;193.69
20211011T080000;193.84
20211011T081500;194.01
20211011T083000;194.20
20211011T084500;194.44
20211011T090000;194.74
20211011T091500;195.12
20211011T093000;195.57
20211011T094500;196.34
20211011T100000;197.36
20211011T101500;198.41
20211011T103000;199.46
20211011T104500;200.50
20211011T110000;201.54
20211011T111500;202.58
20211011T113000;203.58
20211011T114500;204.58
20211011T120000;205.54
20211011T121500;206.47
20211011T123000;207.36
20211011T124500;208.20
20211011T130000;208.99
20211011T131500;209.71
20211011T133000;210.36
20211011T134500;210.94
20211011T140000;211.41
20211011T141500;211.81
20211011T143000;212.13
20211011T144500;212.40
20211011T150000;212.60
20211011T151500;212.75
20211011T153000;212.85
20211011T154500;212.92
20211011T160000;212.98
20211011T161500;213.02
20211011T163000;213.06
20211011T164500;213.09
20211011T170000;213.11
20211011T171500;213.11
20211011T173000;213.11
20211011T174500;213.11
20211011T180000;213.11
20211011T181500;213.11
20211011T183000;213.11
20211011T184500;213.11
20211011T190000;213.11
20211011T191500;213.11
20211011T193000;213.11
20211011T194500;213.11
20211011T200000;213.11
20211011T201500;213.11
20211011T203000;213.11
20211011T204500;213.11
20211011T210000;213.11
20211011T211500;213.11
20211011T213000;213.11
20211011T214500;213.11
20211011T221500;213.11
20211011T223000;213.11
20211011T224500;213.11
20211011T230000;213.11
20211011T231500;213.11
20211011T233000;213.11
20211011T234500;213.11
20211012T000000;213.11
20211012T001500;213.11
20211012T003000;213.11
20211012T004500;213.11
20211012T010000;213.11
20211012T011500;213.11
20211012T013000;213.11
20211012T014500;213.11
20211012T020000;213.11
20211012T021500;213.11
20211012T023000;213.11
20211012T024500;213.11
20211012T030000;213.11
20211012T031500;213.11
20211012T033000;213.11
20211012T034500;213.11
20211012T040000;213.11
20211012T041500;213.11
20211012T043000;213.11
20211012T044500;213.11
20211012T050000;213.11
20211012T051500;213.11
20211012T053000;213.11
20211012T054500;213.11
20211012T060000;213.11
20211012T061500;213.11
20211012T063000;213.13
20211012T064500;213.17
20211012T070000;213.23
20211012T071500;213.29
20211012T073000;213.37
20211012T074500;213.46
20211012T080000;213.55
20211012T081500;213.80
20211012T083000;214.33
20211012T084500;215.10
20211012T090000;215.97
20211012T091500;216.90
20211012T093000;217.88
20211012T094500;218.88
20211012T100000;219.91
20211012T101500;220.94
20211012T103000;221.96
20211012T104500;222.93
20211012T110000;223.98
20211012T111500;224.96
20211012T113000;226.08
20211012T114500;226.81
20211012T120000;227.55
20211012T121500;228.02
20211012T123000;228.82
20211012T124500;229.33
20211012T130000;230.10
20211012T131500;230.83
20211012T133000;231.48
20211012T134500;232.05
20211012T140000;232.51
20211012T141500;232.90
20211012T143000;233.23
20211012T144500;233.48
20211012T150000;233.68
20211012T151500;233.82
20211012T153000;233.92
20211012T154500;233.98
20211012T160000;234.03
20211012T161500;234.07
20211012T163000;234.11
20211012T164500;234.14
20211012T170000;234.16
20211012T171500;234.16
20211012T173000;234.16
20211012T174500;234.16
20211012T180000;234.16
20211012T181500;234.16
20211012T183000;234.16
20211012T184500;234.16
20211012T190000;234.16
20211012T191500;234.16
20211012T193000;234.16
20211012T194500;234.16
20211012T200000;234.16
20211012T201500;234.16
20211012T203000;234.16
20211012T204500;234.16
20211012T210000;234.16
20211012T211500;234.16
20211012T213000;234.16
20211012T214500;234.16
20211012T221500;234.16
20211012T223000;234.16
20211012T224500;234.16
20211012T230000;234.16
20211012T231500;234.16
20211012T233000;234.16
20211012T234500;234.16
20211013T000000;234.16
20211013T001500;234.16
20211013T003000;234.16
20211013T004500;234.16
20211013T010000;234.16
20211013T011500;234.16
20211013T013000;234.16
20211013T014500;234.16
20211013T020000;234.16
20211013T021500;234.16
20211013T023000;234.16
20211013T024500;234.16
20211013T030000;234.16
20211013T031500;234.16
20211013T033000;234.16
20211013T034500;234.16
20211013T040000;234.16
20211013T041500;234.16
20211013T043000;234.16
20211013T044500;234.16
20211013T050000;234.16
20211013T051500;234.16
20211013T053000;234.16
20211013T054500;234.16
20211013T060000;234.16
20211013T061500;234.16
20211013T063000;234.17
20211013T064500;234.21
20211013T070000;234.25
20211013T071500;234.31
20211013T073000;234.38
20211013T074500;234.45
20211013T080000;234.53
20211013T081500;234.75
20211013T083000;235.25
20211013T084500;236.01
20211013T090000;236.89
20211013T091500;237.81
20211013T093000;238.78
20211013T094500;239.79
20211013T100000;240.81
20211013T101500;241.83
20211013T103000;242.86
20211013T104500;243.88
20211013T110000;244.89
20211013T111500;245.89
20211013T113000;246.88
20211013T114500;247.85
20211013T120000;248.81
20211013T121500;249.72
20211013T123000;250.59
20211013T124500;251.42
20211013T130000;252.17
20211013T131500;252.87
20211013T133000;253.51
20211013T134500;254.05
20211013T140000;254.49
20211013T141500;254.87
20211013T143000;255.18
20211013T144500;255.45
20211013T150000;255.63
20211013T151500;255.75
20211013T153000;255.84
20211013T154500;255.92
20211013T160000;255.98
20211013T161500;256.02
20211013T163000;256.06
20211013T164500;256.09
20211013T170000;256.11
20211013T171500;256.11
20211013T173000;256.11
20211013T174500;256.11
20211013T180000;256.11
20211013T181500;256.11
20211013T183000;256.11
20211013T184500;256.11
20211013T190000;256.11
20211013T191500;256.11
20211013T193000;256.11
20211013T194500;256.11
20211013T200000;256.11
20211013T201500;256.11
20211013T203000;256.11
20211013T204500;256.11
20211013T210000;256.11
20211013T211500;256.11
20211013T213000;256.11
20211013T214500;256.11
20211013T221500;256.11
20211013T223000;256.11
20211013T224500;256.11
20211013T230000;256.11
20211013T231500;256.11
20211013T233000;256.11
20211013T234500;256.11
20211014T000000;256.11
20211014T001500;256.11
20211014T003000;256.11
20211014T004500;256.11
20211014T010000;256.11
20211014T011500;256.11
20211014T013000;256.11
20211014T014500;256.11
20211014T020000;256.11
20211014T021500;256.11
20211014T023000;256.11
20211014T024500;256.11
20211014T030000;256.11
20211014T031500;256.11
20211014T033000;256.11
20211014T034500;256.11
20211014T040000;256.11
20211014T041500;256.11
20211014T043000;256.11
20211014T044500;256.11
20211014T050000;256.11
20211014T051500;256.11
20211014T053000;256.11
20211014T054500;256.11
20211014T060000;256.11
20211014T061500;256.11
20211014T063000;256.12
20211014T064500;256.16
20211014T070000;256.22
20211014T071500;256.29
20211014T073000;256.38
20211014T074500;256.48
20211014T080000;256.59
20211014T081500;256.79
20211014T083000;257.24
20211014T084500;257.93
20211014T090000;258.74
20211014T091500;259.61
20211014T093000;260.52
20211014T094500;261.48
20211014T100000;262.45
20211014T101500;263.44
20211014T103000;264.42
20211014T104500;265.40
20211014T110000;266.39
20211014T111500;267.36
20211014T113000;268.33
20211014T114500;269.28
20211014T120000;270.21
20211014T121500;271.12
20211014T123000;271.97
20211014T124500;272.75
20211014T130000;273.48
20211014T131500;274.18
20211014T133000;274.81
20211014T134500;275.33
20211014T140000;275.76
20211014T141500;276.14
20211014T143000;276.46
20211014T144500;276.73
20211014T150000;276.93
20211014T151500;277.10
20211014T153000;277.22
20211014T154500;277.29
20211014T160000;277.35
20211014T161500;277.39
20211014T163000;277.43
20211014T164500;277.45
20211014T170000;277.46
20211014T171500;277.46
20211014T173000;277.46
20211014T174500;277.46
20211014T180000;277.46
20211014T181500;277.46
20211014T183000;277.46
20211014T184500;277.46
20211014T190000;277.46
20211014T191500;277.46
20211014T193000;277.46
20211014T194500;277.46
20211014T200000;277.46
20211014T201500;277.46
20211014T203000;277.46
20211014T204500;277.46
20211014T210000;277.46
20211014T211500;277.46
20211014T213000;277.46
20211014T214500;277.46
20211014T221500;277.46
20211014T223000;277.46
20211014T224500;277.46
20211014T230000;277.46
20211014T231500;277.46
20211014T233000;277.46
20211014T234500;277.46
20211015T000000;277.46
20211015T001500;277.46
20211015T003000;277.46
20211015T004500;277.46
20211015T010000;277.46
20211015T011500;277.46
20211015T013000;277.46
20211015T014500;277.46
20211015T020000;277.46
20211015T021500;277.46
20211015T023000;277.46
20211015T024500;277.46
20211015T030000;277.46
20211015T031500;277.46
20211015T033000;277.46
20211015T034500;277.46
20211015T040000;277.46
20211015T041500;277.46
20211015T043000;277.46
20211015T044500;277.46
20211015T050000;277.46
20211015T051500;277.46
20211015T053000;277.46
20211015T054500;277.46
20211015T060000;277.46
20211015T061500;277.46
20211015T063000;277.48
20211015T064500;277.52
20211015T070000;277.58
20211015T071500;277.63
20211015T073000;277.67
20211015T074500;277.72
20211015T080000;277.88
20211015T081500;278.07
20211015T083000;278.51
20211015T084500;278.99
20211015T090000;279.58
20211015T091500;280.23
20211015T093000;280.69
20211015T094500;281.35
20211015T100000;281.86
20211015T101500;282.56
20211015T103000;283.16
20211015T104500;283.74
20211015T110000;284.44
20211015T111500;285.08
20211015T113000;285.76
20211015T114500;286.76
20211015T120000;287.59
20211015T121500;288.24
20211015T123000;288.92
20211015T124500;289.46
20211015T130000;290.03
20211015T131500;290.50
20211015T133000;291.09
20211015T134500;291.32
20211015T140000;291.32
20211015T141500;291.32
20211015T143000;291.32
20211015T144500;291.39
20211015T150000;291.59
20211015T151500;291.73
20211015T153000;291.83
20211015T154500;291.97
20211015T160000;292.11
20211015T161500;292.16
20211015T163000;292.20
20211015T164500;292.22
20211015T170000;292.23
20211015T171500;292.23
20211015T173000;292.23
20211015T174500;292.23
20211015T180000;292.23
20211015T181500;292.23
20211015T183000;292.23
20211015T184500;292.23
20211015T190000;292.23
20211015T191500;292.23
20211015T193000;292.23
20211015T194500;292.23
20211015T200000;292.23
20211015T201500;292.23
20211015T203000;292.23
20211015T204500;292.23
20211015T210000;292.23
20211015T211500;292.23
20211015T213000;292.23
20211015T214500;292.23
20211015T221500;292.23
20211015T223000;292.23
20211015T224500;292.23
20211015T230000;292.23
20211015T231500;292.23
20211015T233000;292.23
20211015T234500;292.23
20211016T000000;292.23
20211016T001500;292.23
20211016T003000;292.23
20211016T004500;292.23
20211016T010000;292.23
20211016T011500;292.23
20211016T013000;292.23
20211016T014500;292.23
20211016T020000;292.23
20211016T021500;292.23
20211016T023000;292.23
20211016T024500;292.23
20211016T030000;292.23
20211016T031500;292.23
20211016T033000;292.23
20211016T034500;292.23
20211016T040000;292.23
20211016T041500;292.23
20211016T043000;292.23
20211016T044500;292.23
20211016T050000;292.23
20211016T051500;292.23
20211016T053000;292.23
20211016T054500;292.23
20211016T060000;292.23
20211016T061500;292.23
20211016T063000;292.23
20211016T064500;292.26
20211016T070000;292.32
20211016T071500;292.43
20211016T073000;292.59
20211016T074500;292.77
20211016T080000;292.93
20211016T081500;293.09
20211016T083000;293.37
20211016T084500;293.90
20211016T090000;294.55
20211016T091500;295.28
20211016T093000;296.03
20211016T094500;296.82
20211016T100000;297.39
20211016T101500;298.11
20211016T103000;299.04
20211016T104500;299.92
20211016T110000;300.84
20211016T111500;301.77
20211016T113000;302.70
20211016T114500;303.61
20211016T120000;304.50
20211016T121500;305.36
20211016T123000;306.18
20211016T124500;306.97
20211016T130000;307.71
20211016T131500;308.39
20211016T133000;308.98
20211016T134500;309.42
20211016T140000;309.61
20211016T141500;309.89
20211016T143000;310.08
20211016T144500;310.32
20211016T150000;310.48
20211016T151500;310.60
20211016T153000;310.71
20211016T154500;310.80
20211016T160000;310.89
20211016T161500;310.96
20211016T163000;310.99
20211016T164500;311.01
20211016T170000;311.02
20211016T171500;311.02
20211016T173000;311.02
20211016T174500;311.02
20211016T180000;311.02
20211016T181500;311.02
20211016T183000;311.02
20211016T184500;311.02
20211016T190000;311.02
20211016T191500;311.02
20211016T193000;311.02
20211016T194500;311.02
20211016T200000;311.02
20211016T201500;311.02
20211016T203000;311.02
20211016T204500;311.02
20211016T210000;311.02
20211016T211500;311.02
20211016T213000;311.02
20211016T214500;311.02
20211016T221500;311.02
20211016T223000;311.02
20211016T224500;311.02
20211016T230000;311.02
20211016T231500;311.02
20211016T233000;311.02
20211016T234500;311.02
20211017T000000;311.02
20211017T001500;311.02
20211017T003000;311.02
20211017T004500;311.02
20211017T010000;311.02
20211017T011500;311.02
20211017T013000;311.02
20211017T014500;311.02
20211017T020000;311.02
20211017T021500;311.02
20211017T023000;311.02
20211017T024500;311.02
20211017T030000;311.02
20211017T031500;311.02
20211017T033000;311.02
20211017T034500;311.02
20211017T040000;311.02
20211017T041500;311.02
20211017T043000;311.02
20211017T044500;311.02
20211017T050000;311.02
20211017T051500;311.02
20211017T053000;311.02
20211017T054500;311.02
20211017T060000;311.02
20211017T061500;311.02
20211017T063000;311.03
20211017T064500;311.04
20211017T070000;311.08
20211017T071500;311.15
20211017T073000;311.23
20211017T074500;311.33
20211017T080000;311.44
20211017T081500;311.58
20211017T083000;311.76
20211017T084500;312.03
20211017T090000;312.30
20211017T091500;312.57
20211017T093000;312.86
20211017T094500;313.19
20211017T100000;313.71
20211017T101500;314.52
20211017T103000;315.50
20211017T104500;316.44
20211017T110000;317.39
20211017T111500;318.36
20211017T113000;319.31
20211017T114500;320.23
20211017T120000;321.14
20211017T121500;322.01
20211017T123000;322.85
20211017T124500;323.63
20211017T130000;324.36
20211017T131500;325.05
20211017T133000;325.63
20211017T134500;326.06
20211017T140000;326.48
20211017T141500;326.85
20211017T143000;327.14
20211017T144500;327.41
20211017T150000;327.61
20211017T151500;327.73
20211017T153000;327.82
20211017T154500;327.89
20211017T160000;327.96
20211017T161500;328.01
20211017T163000;328.05
20211017T164500;328.06
20211017T170000;328.07
20211017T171500;328.07
20211017T173000;328.07
20211017T174500;328.07
20211017T180000;328.07
20211017T181500;328.07
20211017T183000;328.07
20211017T184500;328.07
20211017T190000;328.07
20211017T191500;328.07
20211017T193000;328.07
20211017T194500;328.07
20211017T200000;328.07
20211017T201500;328.07
20211017T203000;328.07
20211017T204500;328.07
20211017T210000;328.07
20211017T211500;328.07
20211017T213000;328.07
20211017T214500;328.07
20211017T221500;328.07
20211017T223000;328.07
20211017T224500;328.07
20211017T230000;328.07
20211017T231500;328.07
20211017T233000;328.07
20211017T234500;328.07
20211018T000000;328.07
20211018T001500;328.07
20211018T003000;328.07
20211018T004500;328.07
20211018T010000;328.07
20211018T011500;328.07
20211018T013000;328.07
20211018T014500;328.07
20211018T020000;328.07
20211018T021500;328.07
20211018T023000;328.07
20211018T024500;328.07
20211018T030000;328.07
20211018T031500;328.07
20211018T033000;328.07
20211018T034500;328.07
20211018T040000;328.07
20211018T041500;328.07
20211018T043000;328.07
20211018T044500;328.07
20211018T050000;328.07
20211018T051500;328.07
20211018T053000;328.07
20211018T054500;328.07
20211018T060000;328.07
20211018T061500;328.07
20211018T063000;328.07
20211018T064500;328.08
20211018T070000;328.10
20211018T071500;328.14
20211018T073000;328.22
20211018T074500;328.32
20211018T080000;328.47
20211018T081500;328.63
20211018T083000;328.81
20211018T084500;329.03
20211018T090000;329.32
20211018T091500;329.70
20211018T093000;330.35
20211018T094500;331.16
20211018T100000;332.07
20211018T101500;332.98
20211018T103000;333.90
20211018T104500;334.84
20211018T110000;335.78
20211018T111500;336.73
20211018T113000;337.66
20211018T114500;338.58
20211018T120000;339.40
20211018T121500;340.26
20211018T123000;341.06
20211018T124500;341.67
20211018T130000;342.21
20211018T131500;342.86
20211018T133000;343.39
20211018T134500;343.84
20211018T140000;344.24
20211018T141500;344.58
20211018T143000;344.87
20211018T144500;345.09
20211018T150000;345.26
20211018T151500;345.38
20211018T153000;345.47
20211018T154500;345.56
20211018T160000;345.68
20211018T161500;345.77
20211018T163000;345.82
20211018T164500;345.83
20211018T170000;345.84
20211018T171500;345.84
20211018T173000;345.84
20211018T174500;345.84
20211018T180000;345.84
20211018T181500;345.84
20211018T183000;345.84
20211018T184500;345.84
20211018T190000;345.84
20211018T191500;345.84
20211018T193000;345.84
20211018T194500;345.84
20211018T200000;345.84
20211018T201500;345.84
20211018T203000;345.84
20211018T204500;345.84
20211018T210000;345.84
20211018T211500;345.84
20211018T213000;345.84
20211018T214500;345.84
20211018T221500;345.84
20211018T223000;345.84
20211018T224500;345.84
20211018T230000;345.84
20211018T231500;345.84
20211018T233000;345.84
20211018T234500;345.84
20211019T000000;345.84
20211019T001500;345.84
20211019T003000;345.84
20211019T004500;345.84
20211019T010000;345.84
20211019T011500;345.84
20211019T013000;345.84
20211019T014500;345.84
20211019T020000;345.84
20211019T021500;345.84
20211019T023000;345.84
20211019T024500;345.84
20211019T030000;345.84
20211019T031500;345.84
20211019T033000;345.84
20211019T034500;345.84
20211019T040000;345.84
20211019T041500;345.84
20211019T043000;345.84
20211019T044500;345.84
20211019T050000;345.84
20211019T051500;345.84
20211019T053000;345.84
20211019T054500;345.84
20211019T060000;345.84
20211019T061500;345.84
20211019T063000;345.84
20211019T064500;345.84
20211019T070000;345.86
20211019T071500;345.90
20211019T073000;345.97
20211019T074500;346.07
20211019T080000;346.18
20211019T081500;346.33
20211019T083000;346.54
20211019T084500;346.92
20211019T090000;347.23
20211019T091500;347.60
20211019T093000;348.22
20211019T094500;349.14
20211019T100000;350.08
20211019T101500;351.04
20211019T103000;351.98
20211019T104500;352.93
20211019T110000;353.87
20211019T111500;354.81
20211019T113000;355.72
20211019T114500;356.62
20211019T120000;357.51
20211019T121500;358.36
20211019T123000;359.17
20211019T124500;359.93
20211019T130000;360.51
20211019T131500;361.07
20211019T133000;361.47
20211019T134500;361.95
20211019T140000;362.34
20211019T141500;362.63
20211019T143000;362.92
20211019T144500;363.13
20211019T150000;363.30
20211019T151500;363.43
20211019T153000;363.51
20211019T154500;363.57
20211019T160000;363.62
20211019T161500;363.66
20211019T163000;363.69
20211019T164500;363.71
20211019T170000;363.71
20211019T171500;363.71
20211019T173000;363.71
20211019T174500;363.71
20211019T180000;363.71
20211019T181500;363.71
20211019T183000;363.71
20211019T184500;363.71
20211019T190000;363.71
20211019T191500;363.71
20211019T193000;363.71
20211019T194500;363.71
20211019T200000;363.71
20211019T201500;363.71
20211019T203000;363.71
20211019T204500;363.71
20211019T210000;363.71
20211019T211500;363.71
20211019T213000;363.71
20211019T214500;363.71
20211019T221500;363.71
20211019T223000;363.71
20211019T224500;363.71
20211019T230000;363.71
20211019T231500;363.71
20211019T233000;363.71
20211019T234500;363.71
20211020T000000;363.71
20211020T001500;363.71
20211020T003000;363.71
20211020T004500;363.71
20211020T010000;363.71
20211020T011500;363.71
20211020T013000;363.71
20211020T014500;363.71
20211020T020000;363.71
20211020T021500;363.71
20211020T023000;363.71
20211020T024500;363.71
20211020T030000;363.71
20211020T031500;363.71
20211020T033000;363.71
20211020T034500;363.71
20211020T040000;363.71
20211020T041500;363.71
20211020T043000;363.71
20211020T044500;363.71
20211020T050000;363.71
20211020T051500;363.71
20211020T053000;363.71
20211020T054500;363.71
20211020T060000;363.71
20211020T061500;363.71
20211020T063000;363.71
20211020T064500;363.72
20211020T070000;363.76
20211020T071500;363.81
20211020T073000;363.87
20211020T074500;364.00
20211020T080000;364.12
20211020T081500;364.25
20211020T083000;364.47
20211020T084500;364.84
20211020T090000;365.46
20211020T091500;365.99
20211020T093000;366.50
20211020T094500;366.95
20211020T100000;367.65
20211020T101500;368.33
20211020T103000;368.73
20211020T104500;369.10
20211020T110000;369.48
20211020T111500;369.90
20211020T113000;370.21
20211020T114500;370.37
20211020T120000;370.57
20211020T121500;370.81
20211020T123000;371.11
20211020T124500;371.40
20211020T130000;371.68
20211020T131500;371.96
20211020T133000;372.21
20211020T134500;372.57
20211020T140000;372.90
20211020T141500;373.19
20211020T143000;373.45
20211020T144500;373.67
20211020T150000;373.84
20211020T151500;374.00
20211020T153000;374.10
20211020T154500;374.20
20211020T160000;374.26
20211020T161500;374.31
20211020T163000;374.34
20211020T164500;374.35
20211020T170000;374.36
20211020T171500;374.36
20211020T173000;374.36
20211020T174500;374.36
20211020T180000;374.36
20211020T181500;374.36
20211020T183000;374.36
20211020T184500;374.36
20211020T190000;374.36
20211020T191500;374.36
20211020T193000;374.36
20211020T194500;374.36
20211020T200000;374.36
20211020T201500;374.36
20211020T203000;374.36
20211020T204500;374.36
20211020T210000;374.36
20211020T211500;374.36
20211020T213000;374.36
20211020T214500;374.36
20211020T221500;374.36
20211020T223000;374.36
20211020T224500;374.36
20211020T230000;374.36
20211020T231500;374.36
20211020T233000;374.36
20211020T234500;374.36
20211021T000000;374.36
20211021T001500;374.36
20211021T003000;374.36
20211021T004500;374.36
20211021T010000;374.36
20211021T011500;374.36
20211021T013000;374.36
20211021T014500;374.36
20211021T020000;374.36
20211021T021500;374.36
20211021T023000;374.36
20211021T024500;374.36
20211021T030000;374.36
20211021T031500;374.36
20211021T033000;374.36
20211021T034500;374.36
20211021T040000;374.36
20211021T041500;374.36
20211021T043000;374.36
20211021T044500;374.36
20211021T050000;374.36
20211021T051500;374.36
20211021T053000;374.36
20211021T054500;374.36
20211021T060000;374.36
20211021T061500;374.36
20211021T063000;374.37
20211021T064500;374.42
20211021T070000;374.50
20211021T071500;374.64
20211021T073000;374.74
20211021T074500;374.85
20211021T080000;375.01
20211021T081500;375.21
20211021T083000;375.42
20211021T084500;375.64
20211021T090000;375.73
20211021T091500;375.80
20211021T093000;375.92
20211021T094500;376.07
20211021T100000;376.39
20211021T101500;376.74
20211021T103000;376.93
20211021T104500;377.33
20211021T110000;377.82
20211021T111500;378.75
20211021T113000;379.48
20211021T114500;379.78
20211021T120000;380.12
20211021T121500;380.62
20211021T123000;381.35
20211021T124500;381.84
20211021T130000;382.58
20211021T131500;383.00
20211021T133000;383.28
20211021T134500;383.52
20211021T140000;383.82
20211021T141500;384.00
20211021T143000;384.15
20211021T144500;384.45
20211021T150000;384.60
20211021T151500;384.78
20211021T153000;384.88
20211021T154500;384.97
20211021T160000;385.10
20211021T161500;385.17
20211021T163000;385.24
20211021T164500;385.26
20211021T170000;385.26
20211021T171500;385.26
20211021T173000;385.26
20211021T174500;385.26
20211021T180000;385.26
20211021T181500;385.26
20211021T183000;385.26
20211021T184500;385.26
20211021T190000;385.26
20211021T191500;385.26
20211021T193000;385.26
20211021T194500;385.26
20211021T200000;385.26
20211021T201500;385.26
20211021T203000;385.26
20211021T204500;385.26
20211021T210000;385.26
20211021T211500;385.26
20211021T213000;385.26
20211021T214500;385.26
20211021T221500;385.26
20211021T223000;385.26
20211021T224500;385.26
20211021T230000;385.26
20211021T231500;385.26
20211021T233000;385.26
20211021T234500;385.26
20211022T000000;385.26
20211022T001500;385.26
20211022T003000;385.26
20211022T004500;385.26
20211022T010000;385.26
20211022T011500;385.26
20211022T013000;385.26
20211022T014500;385.26
20211022T020000;385.26
20211022T021500;385.26
20211022T023000;385.26
20211022T024500;385.26
20211022T030000;385.26
20211022T031500;385.26
20211022T033000;385.26
20211022T034500;385.26
20211022T040000;385.26
20211022T041500;385.26
20211022T043000;385.26
20211022T044500;385.26
20211022T050000;385.26
20211022T051500;385.26
20211022T053000;385.26
20211022T054500;385.26
20211022T060000;385.26
20211022T061500;385.26
20211022T063000;385.26
20211022T064500;385.27
20211022T070000;385.31
20211022T071500;385.42
20211022T073000;385.53
20211022T074500;385.68
20211022T080000;385.83
20211022T081500;386.05
20211022T083000;386.29
20211022T084500;386.76
20211022T090000;387.47
20211022T091500;388.32
20211022T093000;389.22
20211022T094500;390.15
20211022T100000;391.11
20211022T101500;392.09
20211022T103000;393.07
20211022T104500;394.04
20211022T110000;395.01
20211022T111500;395.97
20211022T113000;396.91
20211022T114500;397.83
20211022T120000;398.73
20211022T121500;399.49
20211022T123000;400.17
20211022T124500;400.54
20211022T130000;400.93
20211022T131500;401.47
20211022T133000;401.97
20211022T134500;402.33
20211022T140000;402.61
20211022T141500;402.90
20211022T143000;403.16
20211022T144500;403.41
20211022T150000;403.59
20211022T151500;403.74
20211022T153000;403.87
20211022T154500;403.97
20211022T160000;404.04
20211022T161500;404.07
20211022T163000;404.10
20211022T164500;404.11
20211022T170000;404.11
20211022T171500;404.11
20211022T173000;404.11
20211022T174500;404.11
20211022T180000;404.11
20211022T181500;404.11
20211022T183000;404.11
20211022T184500;404.11
20211022T190000;404.11
20211022T191500;404.11
20211022T193000;404.11
20211022T194500;404.11
20211022T200000;404.11
20211022T201500;404.11
20211022T203000;404.11
20211022T204500;404.11
20211022T210000;404.11
20211022T211500;404.11
20211022T213000;404.11
20211022T214500;404.11
20211022T221500;404.11
20211022T223000;404.11
20211022T224500;404.11
20211022T230000;404.11
20211022T231500;404.11
20211022T233000;404.11
20211022T234500;404.11
20211023T000000;404.11
20211023T001500;404.11
20211023T003000;404.11
20211023T004500;404.11
20211023T010000;404.11
20211023T011500;404.11
20211023T013000;404.11
20211023T014500;404.11
20211023T020000;404.11
20211023T021500;404.11
20211023T023000;404.11
20211023T024500;404.11
20211023T030000;404.11
20211023T031500;404.11
20211023T033000;404.11
20211023T034500;404.11
20211023T040000;404.11
20211023T041500;404.11
20211023T043000;404.11
20211023T044500;404.11
20211023T050000;404.11
20211023T051500;404.11
20211023T053000;404.11
20211023T054500;404.11
20211023T060000;404.11
20211023T061500;404.11
20211023T063000;404.11
20211023T064500;404.12
20211023T070000;404.15
20211023T071500;404.19
20211023T073000;404.22
20211023T074500;404.29
20211023T080000;404.36
20211023T081500;404.45
20211023T083000;404.66
20211023T084500;405.15
20211023T090000;405.89
20211023T091500;406.78
20211023T093000;407.71
20211023T094500;408.67
20211023T100000;409.67
20211023T101500;410.66
20211023T103000;411.59
20211023T104500;412.56
20211023T110000;413.55
20211023T111500;414.54
20211023T113000;415.51
20211023T114500;416.45
20211023T120000;417.38
20211023T121500;418.25
20211023T123000;419.08
20211023T124500;419.86
20211023T130000;420.58
20211023T131500;421.17
20211023T133000;421.68
20211023T134500;422.13
20211023T140000;422.52
20211023T141500;422.84
20211023T143000;423.10
20211023T144500;423.31
20211023T150000;423.45
20211023T151500;423.56
20211023T153000;423.62
20211023T154500;423.66
20211023T160000;423.70
20211023T161500;423.72
20211023T163000;423.75
20211023T164500;423.76
20211023T170000;423.76
20211023T171500;423.76
20211023T173000;423.76
20211023T174500;423.76
20211023T180000;423.76
20211023T181500;423.76
20211023T183000;423.76
20211023T184500;423.76
20211023T190000;423.76
20211023T191500;423.76
20211023T193000;423.76
20211023T194500;423.76
20211023T200000;423.76
20211023T201500;423.76
20211023T203000;423.76
20211023T204500;423.76
20211023T210000;423.76
20211023T211500;423.76
20211023T213000;423.76
20211023T214500;423.76
20211023T221500;423.76
20211023T223000;423.76
20211023T224500;423.76
20211023T230000;423.76
20211023T231500;423.76
20211023T233000;423.76
20211023T234500;423.76
20211024T000000;423.76
20211024T001500;423.76
20211024T003000;423.76
20211024T004500;423.76
20211024T010000;423.76
20211024T011500;423.76
20211024T013000;423.76
20211024T014500;423.76
20211024T020000;423.76
20211024T021500;423.76
20211024T023000;423.76
20211024T024500;423.76
20211024T030000;423.76
20211024T031500;423.76
20211024T033000;423.76
20211024T034500;423.76
20211024T040000;423.76
20211024T041500;423.76
20211024T043000;423.76
20211024T044500;423.76
20211024T050000;423.76
20211024T051500;423.76
20211024T053000;423.76
20211024T054500;423.76
20211024T060000;423.76
20211024T061500;423.76
20211024T063000;423.76
20211024T064500;423.78
20211024T070000;423.81
20211024T071500;423.85
20211024T073000;423.91
20211024T074500;423.97
20211024T080000;424.04
20211024T081500;424.12
20211024T083000;424.29
20211024T084500;424.73
20211024T090000;425.43
20211024T091500;426.28
20211024T093000;427.19
20211024T094500;428.12
20211024T100000;429.08
20211024T101500;430.05
20211024T103000;431.02
20211024T104500;431.99
20211024T110000;432.95
20211024T111500;433.90
20211024T113000;434.83
20211024T114500;435.74
20211024T120000;436.63
20211024T121500;437.47
20211024T123000;438.27
20211024T124500;439.03
20211024T130000;439.71
20211024T131500;440.27
20211024T133000;440.77
20211024T134500;441.20
20211024T140000;441.58
20211024T141500;441.90
20211024T143000;442.15
20211024T144500;442.36
20211024T150000;442.50
20211024T151500;442.61
20211024T153000;442.67
20211024T154500;442.71
20211024T160000;442.75
20211024T161500;442.78
20211024T163000;442.80
20211024T164500;442.81
20211024T170000;442.81
20211024T171500;442.81
20211024T173000;442.81
20211024T174500;442.81
20211024T180000;442.81
20211024T181500;442.81
20211024T183000;442.81
20211024T184500;442.81
20211024T190000;442.81
20211024T191500;442.81
20211024T193000;442.81
20211024T194500;442.81
20211024T200000;442.81
20211024T201500;442.81
20211024T203000;442.81
20211024T204500;442.81
20211024T210000;442.81
20211024T211500;442.81
20211024T213000;442.81
20211024T214500;442.81
20211024T221500;442.81
20211024T223000;442.81
20211024T224500;442.81
20211024T230000;442.81
20211024T231500;442.81
20211024T233000;442.81
20211024T234500;442.81
20211025T000000;442.81
20211025T001500;442.81
20211025T003000;442.81
20211025T004500;442.81
20211025T010000;442.81
20211025T011500;442.81
20211025T013000;442.81
20211025T014500;442.81
20211025T020000;442.81
20211025T021500;442.81
20211025T023000;442.81
20211025T024500;442.81
20211025T030000;442.81
20211025T031500;442.81
20211025T033000;442.81
20211025T034500;442.81
20211025T040000;442.81
20211025T041500;442.81
20211025T043000;442.81
20211025T044500;442.81
20211025T050000;442.81
20211025T051500;442.81
20211025T053000;442.81
20211025T054500;442.81
20211025T060000;442.81
20211025T061500;442.81
20211025T063000;442.81
20211025T064500;442.83
20211025T070000;442.86
20211025T071500;442.91
20211025T073000;442.98
20211025T074500;443.06
20211025T080000;443.14
20211025T081500;443.23
20211025T083000;443.39
20211025T084500;443.78
20211025T090000;444.39
20211025T091500;445.18
20211025T093000;446.03
20211025T094500;446.91
20211025T100000;447.84
20211025T101500;448.79
20211025T103000;449.76
20211025T104500;450.72
20211025T110000;451.66
20211025T111500;452.60
20211025T113000;453.52
20211025T114500;454.42
20211025T120000;455.29
20211025T121500;456.12
20211025T123000;456.91
20211025T124500;457.65
20211025T130000;458.31
20211025T131500;458.84
20211025T133000;459.33
20211025T134500;459.74
20211025T140000;460.09
20211025T141500;460.39
20211025T143000;460.64
20211025T144500;460.83
20211025T150000;460.96
20211025T151500;461.05
20211025T153000;461.11
20211025T154500;461.16
20211025T160000;461.20
20211025T161500;461.23
20211025T163000;461.25
20211025T164500;461.26
20211025T170000;461.26
20211025T171500;461.26
20211025T173000;461.26
20211025T174500;461.26
20211025T180000;461.26
20211025T181500;461.26
20211025T183000;461.26
20211025T184500;461.26
20211025T190000;461.26
20211025T191500;461.26
20211025T193000;461.26
20211025T194500;461.26
20211025T200000;461.26
20211025T201500;461.26
20211025T203000;461.26
20211025T204500;461.26
20211025T210000;461.26
20211025T211500;461.26
20211025T213000;461.26
20211025T214500;461.26
20211025T221500;461.26
20211025T223000;461.26
20211025T224500;461.26
20211025T230000;461.26
20211025T231500;461.26
20211025T233000;461.26
20211025T234500;461.26
20211026T000000;461.26
20211026T001500;461.26
20211026T003000;461.26
20211026T004500;461.26
20211026T010000;461.26
20211026T011500;461.26
20211026T013000;461.26
20211026T014500;461.26
20211026T020000;461.26
20211026T021500;461.26
20211026T023000;461.26
20211026T024500;461.26
20211026T030000;461.26
20211026T031500;461.26
20211026T033000;461.26
20211026T034500;461.26
20211026T040000;461.26
20211026T041500;461.26
20211026T043000;461.26
20211026T044500;461.26
20211026T050000;461.26
20211026T051500;461.26
20211026T053000;461.26
20211026T054500;461.26
20211026T060000;461.26
20211026T061500;461.26
20211026T063000;461.26
20211026T064500;461.27
20211026T070000;461.29
20211026T071500;461.34
20211026T073000;461.42
20211026T074500;461.53
20211026T080000;461.68
20211026T081500;461.83
20211026T083000;462.11
20211026T084500;462.47
20211026T090000;463.05
20211026T091500;463.77
20211026T093000;464.53
20211026T094500;465.37
20211026T100000;466.25
20211026T101500;467.15
20211026T103000;468.06
20211026T104500;468.97
20211026T110000;469.88
20211026T111500;470.78
20211026T113000;471.66
20211026T114500;472.51
20211026T120000;473.33
20211026T121500;474.12
20211026T123000;474.87
20211026T124500;475.57
20211026T130000;476.19
20211026T131500;476.70
20211026T133000;477.16
20211026T134500;477.57
20211026T140000;477.92
20211026T141500;478.22
20211026T143000;478.46
20211026T144500;478.65
20211026T150000;478.79
20211026T151500;478.88
20211026T153000;478.94
20211026T154500;478.99
20211026T160000;479.02
20211026T161500;479.05
20211026T163000;479.07
20211026T164500;479.08
20211026T170000;479.08
20211026T171500;479.08
20211026T173000;479.08
20211026T174500;479.08
20211026T180000;479.08
20211026T181500;479.08
20211026T183000;479.08
20211026T184500;479.08
20211026T190000;479.08
20211026T191500;479.08
20211026T193000;479.08
20211026T194500;479.08
20211026T200000;479.08
20211026T201500;479.08
20211026T203000;479.08
20211026T204500;479.08
20211026T210000;479.08
20211026T211500;479.08
20211026T213000;479.08
20211026T214500;479.08
20211026T221500;479.08
20211026T223000;479.08
20211026T224500;479.08
20211026T230000;479.08
20211026T231500;479.08
20211026T233000;479.08
20211026T234500;479.08
20211027T000000;479.08
20211027T001500;479.08
20211027T003000;479.08
20211027T004500;479.08
20211027T010000;479.08
20211027T011500;479.08
20211027T013000;479.08
20211027T014500;479.08
20211027T020000;479.08
20211027T021500;479.08
20211027T023000;479.08
20211027T024500;479.08
20211027T030000;479.08
20211027T031500;479.08
20211027T033000;479.08
20211027T034500;479.08
20211027T040000;479.08
20211027T041500;479.08
20211027T043000;479.08
20211027T044500;479.08
20211027T050000;479.08
20211027T051500;479.08
20211027T053000;479.08
20211027T054500;479.08
20211027T060000;479.08
20211027T061500;479.08
20211027T063000;479.08
20211027T064500;479.11
20211027T070000;479.16
20211027T071500;479.24
20211027T073000;479.36
20211027T074500;479.49
20211027T080000;479.67
20211027T081500;479.86
20211027T083000;480.05
20211027T084500;480.36
20211027T090000;480.97
20211027T091500;481.71
20211027T093000;482.42
20211027T094500;483.22
20211027T100000;484.03
20211027T101500;484.95
20211027T103000;485.89
20211027T104500;486.82
20211027T110000;487.74
20211027T111500;488.66
20211027T113000;489.60
20211027T114500;490.42
20211027T120000;491.25
20211027T121500;491.98
20211027T123000;492.66
20211027T124500;493.31
20211027T130000;493.92
20211027T131500;494.30
20211027T133000;494.74
20211027T134500;495.18
20211027T140000;495.57
20211027T141500;495.91
20211027T143000;496.15
20211027T144500;496.32
20211027T150000;496.48
20211027T151500;496.62
20211027T153000;496.72
20211027T154500;496.78
20211027T160000;496.83
20211027T161500;496.86
20211027T163000;496.88
20211027T164500;496.88
20211027T170000;496.88
20211027T171500;496.88
20211027T173000;496.88
20211027T174500;496.88
20211027T180000;496.88
20211027T181500;496.88
20211027T183000;496.88
20211027T184500;496.88
20211027T190000;496.88
20211027T191500;496.88
20211027T193000;496.88
20211027T194500;496.88
20211027T200000;496.88
20211027T201500;496.88
20211027T203000;496.88
20211027T204500;496.88
20211027T210000;496.88
20211027T211500;496.88
20211027T213000;496.88
20211027T214500;496.88
20211027T221500;496.88
20211027T223000;496.88
20211027T224500;496.88
20211027T230000;496.88
20211027T231500;496.88
20211027T233000;496.88
20211027T234500;496.88
20211028T000000;496.88
20211028T001500;496.88
20211028T003000;496.88
20211028T004500;496.88
20211028T010000;496.88
20211028T011500;496.88
20211028T013000;496.88
20211028T014500;496.88
20211028T020000;496.88
20211028T021500;496.88
20211028T023000;496.88
20211028T024500;496.88
20211028T030000;496.88
20211028T031500;496.88
20211028T033000;496.88
20211028T034500;496.88
20211028T040000;496.88
20211028T041500;496.88
20211028T043000;496.88
20211028T044500;496.88
20211028T050000;496.88
20211028T051500;496.88
20211028T053000;496.88
20211028T054500;496.88
20211028T060000;496.88
20211028T061500;496.88
20211028T063000;496.88
20211028T064500;496.89
20211028T070000;496.94
20211028T071500;497.00
20211028T073000;497.06
20211028T074500;497.14
20211028T080000;497.22
20211028T081500;497.31
20211028T083000;497.43
20211028T084500;497.74
20211028T090000;498.28
20211028T091500;498.99
20211028T093000;499.81
20211028T094500;500.66
20211028T100000;501.55
20211028T101500;502.46
20211028T103000;503.38
20211028T104500;504.30
20211028T110000;505.20
20211028T111500;506.09
20211028T113000;506.97
20211028T114500;507.82
20211028T120000;508.63
20211028T121500;509.43
20211028T123000;510.16
20211028T124500;510.85
20211028T130000;511.43
20211028T131500;511.95
20211028T133000;512.42
20211028T134500;512.83
20211028T140000;513.17
20211028T141500;513.47
20211028T143000;513.71
20211028T144500;513.91
20211028T150000;514.05
20211028T151500;514.14
20211028T153000;514.21
20211028T154500;514.25
20211028T160000;514.29
20211028T161500;514.32
20211028T163000;514.33
20211028T164500;514.34
20211028T170000;514.34
20211028T171500;514.34
20211028T173000;514.34
20211028T174500;514.34
20211028T180000;514.34
20211028T181500;514.34
20211028T183000;514.34
20211028T184500;514.34
20211028T190000;514.34
20211028T191500;514.34
20211028T193000;514.34
20211028T194500;514.34
20211028T200000;514.34
20211028T201500;514.34
20211028T203000;514.34
20211028T204500;514.34
20211028T210000;514.34
20211028T211500;514.34
20211028T213000;514.34
20211028T214500;514.34
20211028T221500;514.34
20211028T223000;514.34
20211028T224500;514.34
20211028T230000;514.34
20211028T231500;514.34
20211028T233000;514.34
20211028T234500;514.34
20211029T000000;514.34
20211029T001500;514.34
20211029T003000;514.34
20211029T004500;514.34
20211029T010000;514.34
20211029T011500;514.34
20211029T013000;514.34
20211029T014500;514.34
20211029T020000;514.34
20211029T021500;514.34
20211029T023000;514.34
20211029T024500;514.34
20211029T030000;514.34
20211029T031500;514.34
20211029T033000;514.34
20211029T034500;514.34
20211029T040000;514.34
20211029T041500;514.34
20211029T043000;514.34
20211029T044500;514.34
20211029T050000;514.34
20211029T051500;514.34
20211029T053000;514.34
20211029T054500;514.34
20211029T060000;514.34
20211029T061500;514.34
20211029T063000;514.34
20211029T064500;514.34
20211029T070000;514.36
20211029T071500;514.38
20211029T073000;514.40
20211029T074500;514.45
20211029T080000;514.55
20211029T081500;514.69
20211029T083000;514.79
20211029T084500;514.94
20211029T090000;515.14
20211029T091500;515.34
20211029T093000;515.48
20211029T094500;515.79
20211029T100000;516.28
20211029T101500;516.69
20211029T103000;517.22
20211029T104500;517.55
20211029T110000;517.81
20211029T111500;518.11
20211029T113000;518.37
20211029T114500;518.79
20211029T120000;519.22
20211029T121500;519.80
20211029T123000;520.55
20211029T124500;521.09
20211029T130000;521.56
20211029T131500;521.85
20211029T133000;522.09
20211029T134500;522.37
20211029T140000;522.67
20211029T141500;522.93
20211029T143000;523.11
20211029T144500;523.25
20211029T150000;523.40
20211029T151500;523.50
20211029T153000;523.58
20211029T154500;523.64
20211029T160000;523.67
20211029T161500;523.69
20211029T163000;523.70
20211029T164500;523.70
20211029T170000;523.70
20211029T171500;523.70
20211029T173000;523.70
20211029T174500;523.70
20211029T180000;523.70
20211029T181500;523.70
20211029T183000;523.70
20211029T184500;523.70
20211029T190000;523.70
20211029T191500;523.70
20211029T193000;523.70
20211029T194500;523.70
20211029T200000;523.70
20211029T201500;523.70
20211029T203000;523.70
20211029T204500;523.70
20211029T210000;523.70
20211029T211500;523.70
20211029T213000;523.70
20211029T214500;523.70
20211029T221500;523.70
20211029T223000;523.70
20211029T224500;523.70
20211029T230000;523.70
20211029T231500;523.70
20211029T233000;523.70
20211029T234500;523.70
20211030T000000;523.70
20211030T001500;523.70
20211030T003000;523.70
20211030T004500;523.70
20211030T010000;523.70
20211030T011500;523.70
20211030T013000;523.70
20211030T014500;523.70
20211030T020000;523.70
20211030T021500;523.70
20211030T023000;523.70
20211030T024500;523.70
20211030T030000;523.70
20211030T031500;523.70
20211030T033000;523.70
20211030T034500;523.70
20211030T040000;523.70
20211030T041500;523.70
20211030T043000;523.70
20211030T044500;523.70
20211030T050000;523.70
20211030T051500;523.70
20211030T053000;523.70
20211030T054500;523.70
20211030T060000;523.70
20211030T061500;523.70
20211030T063000;523.70
20211030T064500;523.70
20211030T070000;523.70
20211030T071500;523.70
20211030T073000;523.71
20211030T074500;523.73
20211030T080000;523.76
20211030T081500;523.85
20211030T083000;523.94
20211030T084500;524.00
20211030T090000;524.06
20211030T091500;524.12
20211030T093000;524.22
20211030T094500;524.30
20211030T100000;524.36
20211030T101500;524.42
20211030T103000;524.49
20211030T104500;524.60
20211030T110000;524.79
20211030T111500;524.98
20211030T113000;525.18
20211030T114500;525.45
20211030T120000;525.72
20211030T121500;525.95
20211030T123000;526.17
20211030T124500;526.45
20211030T130000;526.74
20211030T131500;527.09
20211030T133000;527.28
20211030T134500;527.50
20211030T140000;527.74
20211030T141500;527.99
20211030T143000;528.18
20211030T144500;528.30
20211030T150000;528.43
20211030T151500;528.59
20211030T153000;528.75
20211030T154500;528.87
20211030T160000;528.95
20211030T161500;528.97
20211030T163000;528.98
20211030T164500;528.98
20211030T170000;528.98
20211030T171500;528.98
20211030T173000;528.98
20211030T174500;528.98
20211030T180000;528.98
20211030T181500;528.98
20211030T183000;528.98
20211030T184500;528.98
20211030T190000;528.98
20211030T191500;528.98
20211030T193000;528.98
20211030T194500;528.98
20211030T200000;528.98
20211030T201500;528.98
20211030T203000;528.98
20211030T204500;528.98
20211030T210000;528.98
20211030T211500;528.98
20211030T213000;528.98
20211030T214500;528.98
20211030T221500;528.98
20211030T223000;528.98
20211030T224500;528.98
20211030T230000;528.98
20211030T231500;528.98
20211030T233000;528.98
20211030T234500;528.98
20211031T010000;528.98
20211031T011500;528.98
20211031T013000;528.98
20211031T014500;528.98
20211031T020000;528.98
20211031T021500;528.98
20211031T023000;528.98
20211031T024500;528.98
20211031T030000;528.98
20211031T031500;528.98
20211031T033000;528.98
20211031T034500;528.98
20211031T040000;528.98
20211031T041500;528.98
20211031T043000;528.98
20211031T044500;528.98
20211031T050000;528.98
20211031T051500;528.98
20211031T053000;528.98
20211031T054500;528.98
20211031T060000;528.98
20211031T061500;528.98
20211031T063000;528.98
20211031T064500;528.98
20211031T070000;528.99
20211031T071500;529.01
20211031T073000;529.05
20211031T074500;529.08
20211031T080000;529.15
20211031T081500;529.27
20211031T083000;529.42
20211031T084500;529.62
20211031T090000;529.76
20211031T091500;530.16
20211031T093000;530.61
20211031T094500;531.27
20211031T100000;531.56
20211031T101500;532.46
20211031T103000;533.39
20211031T104500;534.30
20211031T110000;535.21
20211031T111500;536.10
20211031T113000;536.99
20211031T114500;537.83
20211031T120000;538.53
20211031T121500;539.19
20211031T123000;539.75
20211031T124500;540.26
20211031T130000;540.78
20211031T131500;541.26
20211031T133000;541.62
20211031T134500;542.06
20211031T140000;542.45
20211031T141500;542.76
20211031T143000;542.99
20211031T144500;543.21
20211031T150000;543.34
20211031T151500;543.48
20211031T153000;543.59
20211031T154500;543.68
20211031T160000;543.79
20211031T161500;543.86
20211031T163000;543.87
20211031T164500;543.87
20211031T170000;543.87
20211031T171500;543.87
20211031T173000;543.87
20211031T174500;543.87
20211031T180000;543.87
20211031T181500;543.87
20211031T183000;543.87
20211031T184500;543.87
20211031T190000;543.87
20211031T191500;543.87
20211031T193000;543.87
20211031T194500;543.87
20211031T200000;543.87
20211031T201500;543.87
20211031T203000;543.87
20211031T204500;543.87
20211031T210000;543.87
20211031T211500;543.87
20211031T213000;543.87
20211031T214500;543.87
20211031T220000;543.87
20211031T221500;543.87
20211031T223000;543.87
20211031T224500;543.87
